# Blender 5.1.0
# www.blender.org
mtllib tile_2corners_1line.mtl
o Tile_1line.004
v 1.168642 0.108904 0.795196
v 0.559341 0.108904 2.228431
v 0.869687 0.051709 2.500341
v 0.559396 0.103551 2.228474
v 0.553684 0.086157 2.224058
v 1.168586 0.103551 0.795153
v 0.870283 0.045000 2.506111
v 1.174299 0.086157 0.799569
v 0.878943 0.045000 2.506111
v 0.879540 0.051709 2.500341
v 0.869498 0.049036 2.504069
v 1.740259 0.051327 1.458611
v 0.008602 0.051327 1.458611
v 0.416362 0.086157 2.117912
v 0.874613 0.049084 2.505273
v 0.874613 0.045000 2.507147
v 0.410656 0.103532 2.113501
v 0.410726 0.108809 2.113555
v 1.740259 0.067218 1.437901
v 0.414028 0.112012 2.116108
v 0.879728 0.049036 2.504069
v 0.426867 0.116003 2.126032
v 1.311621 0.086157 0.905715
v 0.008602 0.067218 1.437900
v 0.431466 0.115257 2.129587
v 1.317327 0.103532 0.910126
v 0.434668 0.110997 2.132062
v 1.740259 0.087929 1.422009
v 0.438089 0.100579 2.134706
v 1.317256 0.108809 0.910071
v 0.447055 0.085842 2.141636
v 1.313955 0.112012 0.907519
v 0.458739 0.074534 2.150668
v 0.874613 0.052047 2.500448
v 0.472345 0.067425 2.161185
v 0.018213 0.051709 2.008742
v 0.486946 0.065001 2.172472
v 1.301116 0.116003 0.897595
v 0.501547 0.067425 2.183758
v 1.296517 0.115257 0.894040
v 0.515153 0.074534 2.194275
v 0.526837 0.085842 2.203306
v 0.008602 0.087929 1.422008
v 0.535803 0.100579 2.210236
v 1.293315 0.110997 0.891565
v 1.740259 0.087929 1.595214
v 0.539230 0.111016 2.212886
v 0.013287 0.051709 2.000210
v 0.542409 0.115172 2.215343
v 0.546960 0.115696 2.218860
v 1.289893 0.100579 0.888921
v 0.008602 0.087929 1.595214
v 0.556084 0.112319 2.225913
v 1.280928 0.085842 0.881991
v 0.612191 0.108904 2.156736
v 0.008588 0.045000 2.003611
v 0.612240 0.103551 2.156787
v 1.269244 0.074534 0.872959
v 0.607189 0.086157 2.151620
v 0.012918 0.045000 2.011111
v 1.255638 0.067425 0.862442
v 1.740259 0.067218 1.579322
v 1.241037 0.065001 0.851156
v 0.008602 0.067218 1.579322
v 1.226436 0.067425 0.839869
v 0.015658 0.052047 2.004529
v 0.485776 0.086157 2.027399
v 1.212829 0.074534 0.829352
v 0.480731 0.103532 2.022237
v 1.740259 0.051327 1.558612
v 0.480793 0.108809 2.022301
v 1.201146 0.085842 0.820321
v 0.483712 0.112012 2.025288
v 0.011479 0.049084 2.006942
v 0.495064 0.116003 2.036901
v 1.192180 0.100579 0.813391
v 0.499130 0.115257 2.041062
v 1.188753 0.111016 0.810741
v 0.008602 0.051327 1.558611
v 0.501961 0.110997 2.043958
v 0.009964 0.049036 2.001910
v 0.504986 0.100579 2.047053
v 1.185574 0.115172 0.808284
v 0.512913 0.085842 2.055163
v 0.009856 0.045000 2.007879
v 0.523243 0.074534 2.065732
v 0.535273 0.067425 2.078041
v 1.181023 0.115696 0.804767
v 0.548183 0.065001 2.091249
v 1.171899 0.112319 0.797714
v 0.561092 0.067425 2.104457
v 0.015079 0.049036 2.010769
v 0.008602 0.102351 1.567809
v 0.573122 0.074534 2.116765
v 1.115792 0.108904 0.866891
v 0.583453 0.085842 2.127334
v 0.013287 0.051709 1.017012
v 0.591379 0.100579 2.135444
v 1.115743 0.103551 0.866840
v 0.594410 0.111016 2.138545
v 0.008602 0.087614 1.556501
v 0.597220 0.115172 2.141420
v 1.120793 0.086157 0.872007
v 0.601244 0.115696 2.145536
v 0.609311 0.112319 2.153790
v 0.018214 0.051709 1.008480
v 0.008602 0.069198 1.524602
v 0.671408 0.108178 2.094517
v 0.012918 0.045000 1.006111
v 0.671448 0.102825 2.094575
v 0.008602 0.066773 1.506186
v 0.667311 0.085431 2.088642
v 0.008588 0.045000 1.013611
v 0.008602 0.076306 1.541764
v 0.015658 0.052047 1.012693
v 0.011479 0.049084 1.010280
v 1.242207 0.086157 0.996228
v 1.247252 0.103532 1.001390
v 0.008602 0.087614 1.455871
v 1.247190 0.108809 1.001326
v 0.567851 0.085431 1.946013
v 0.563718 0.102806 1.940087
v 0.008602 0.102351 1.444563
v 1.244270 0.112012 0.998339
v 0.563769 0.108083 1.940160
v 0.015079 0.049036 1.006452
v 0.566161 0.111286 1.943590
v 1.232919 0.116003 0.986726
v 0.575459 0.115278 1.956924
v 0.578790 0.114531 1.961701
v 0.009856 0.045000 1.009343
v 0.581110 0.110271 1.965027
v 0.008602 0.076306 1.470608
v 0.583588 0.099853 1.968580
v 1.228853 0.115257 0.982565
v 0.590081 0.085116 1.977892
v 0.009964 0.049036 1.015312
v 0.598544 0.073808 1.990028
v 1.226022 0.110997 0.979669
v 0.608398 0.066700 2.004159
v 1.222997 0.100579 0.976574
v 0.525179 0.073620 2.204128
v 0.618974 0.064275 2.019325
v 0.629549 0.066700 2.034490
v 0.513496 0.062312 2.195096
v 0.639404 0.073808 2.048622
v 0.008602 0.069198 1.487769
v 0.647866 0.085116 2.060758
v 0.499890 0.055203 2.184578
v 1.740259 0.066773 1.506186
v 0.654359 0.099853 2.070070
v 1.215070 0.085842 0.968464
v 0.656842 0.110290 2.073629
v 0.659144 0.114446 2.076931
v 0.485290 0.052779 2.173291
v 0.662440 0.114971 2.081657
v 0.869687 0.051709 0.516881
v 0.669049 0.111593 2.091134
v 0.470689 0.055203 2.162004
v 1.204740 0.074534 0.957895
v 0.729429 0.108904 2.058391
v 0.729457 0.103551 2.058455
v 0.457084 0.062312 2.151486
v 0.445400 0.073620 2.142454
v 0.726507 0.086157 2.051841
v 0.879540 0.051709 0.516881
v 1.192710 0.067425 0.945587
v 1.179800 0.065001 0.932378
v 1.740259 0.076306 1.470608
v 1.166890 0.067425 0.919170
v 1.740259 0.069198 1.487770
v 0.878944 0.045000 0.511111
v 1.154860 0.074534 0.906862
v 0.655585 0.086157 1.892849
v 1.144530 0.085842 0.896293
v 0.652638 0.103532 1.886243
v 1.740259 0.102351 1.444563
v 0.652675 0.108809 1.886325
v 1.136604 0.100579 0.888183
v 0.654380 0.112012 1.890148
v 0.661011 0.116003 1.905012
v 0.870284 0.045000 0.511111
v 0.663386 0.115257 1.910337
v 1.740259 0.087614 1.455871
v 0.665040 0.110997 1.914044
v 1.133573 0.111016 0.885083
v 1.130763 0.115172 0.882207
v 0.666807 0.100579 1.918006
v 0.671437 0.085842 1.928386
v 0.874614 0.052047 0.516775
v 0.677471 0.074534 1.941913
v 1.740259 0.087614 1.556501
v 1.126739 0.115696 0.878091
v 0.684498 0.067425 1.957666
v 1.118672 0.112319 0.869837
v 0.692039 0.065001 1.974572
v 0.586504 0.073620 2.124667
v 0.699580 0.067425 1.991477
v 0.874614 0.049084 0.511950
v 0.706607 0.074534 2.007230
v 0.576184 0.062312 2.114088
v 0.712642 0.085842 2.020758
v 0.564166 0.055203 2.101769
v 0.717272 0.100579 2.031138
v 1.056575 0.108178 0.929110
v 0.719042 0.111016 2.035106
v 0.551269 0.052779 2.088549
v 0.720684 0.115172 2.038786
v 1.740259 0.102351 1.567809
v 0.723034 0.115696 2.044055
v 0.727746 0.112319 2.054619
v 1.056535 0.102825 0.929052
v 0.790403 0.108904 2.038282
v 0.538372 0.055203 2.075329
v 0.790418 0.103551 2.038351
v 0.879729 0.049036 0.513153
v 0.788923 0.086157 2.031258
v 0.526354 0.062312 2.063010
v 0.874614 0.045000 0.510076
v 0.516034 0.073620 2.052431
v 1.060672 0.085431 0.934985
v 1.740259 0.076306 1.541764
v 0.869499 0.049036 0.513153
v 1.740259 0.069198 1.524603
v 1.731014 0.051709 1.008480
v 0.752978 0.086157 1.860731
v 1.739953 0.114091 1.418983
v 1.740259 0.105323 1.414804
v 0.751485 0.103532 1.853645
v 0.751503 0.108809 1.853733
v 1.735940 0.051709 1.017013
v 1.740095 0.110676 1.414874
v 0.752367 0.112012 1.857833
v 1.160132 0.085431 1.077614
v 0.755728 0.116003 1.873776
v 0.756932 0.115257 1.879487
v 1.740639 0.045000 1.013611
v 0.757770 0.110997 1.883464
v 1.164265 0.102806 1.083540
v 0.008918 0.114091 1.418982
v 0.758665 0.100579 1.887712
v 1.164214 0.108083 1.083467
v 0.761012 0.085842 1.898845
v 0.764070 0.074534 1.913354
v 1.736309 0.045000 1.006112
v 0.767632 0.067425 1.930250
v 1.161822 0.111286 1.080037
v 0.008602 0.105323 1.414804
v 0.771454 0.065001 1.948382
v 0.775276 0.067425 1.966514
v 1.152523 0.115278 1.066703
v 0.778837 0.074534 1.983410
v 0.644170 0.073620 2.060713
v 1.733569 0.052047 1.012693
v 0.781896 0.085842 1.997919
v 0.784242 0.100579 2.009052
v 0.635698 0.062312 2.048585
v 1.149192 0.114531 1.061926
v 0.785139 0.111016 2.013309
v 0.625831 0.055203 2.034463
v 0.785971 0.115172 2.017256
v 0.787163 0.115696 2.022907
v 0.615243 0.052779 2.019307
v 1.146873 0.110271 1.058600
v 0.789551 0.112319 2.034237
v 0.850155 0.108904 2.032472
v 0.008967 0.110676 1.414874
v 0.850154 0.103551 2.032542
v 0.604654 0.055203 2.004152
v 0.850280 0.086157 2.025291
v 0.594788 0.062312 1.990029
v 1.144395 0.099853 1.055047
v 0.586315 0.073620 1.977902
v 1.737748 0.049084 1.010281
v 1.739503 0.113784 1.598158
v 1.137902 0.085116 1.045735
v 1.129439 0.073808 1.033599
v 1.739263 0.049036 1.015312
v 0.853314 0.086157 1.850974
v 1.202804 0.073620 0.819499
v 0.853440 0.103532 1.843731
v 1.119585 0.066700 1.019468
v 1.739371 0.045000 1.009344
v 0.853439 0.108809 1.843820
v 0.853366 0.112012 1.848011
v 1.109009 0.064275 1.004302
v 0.853082 0.116003 1.864309
v 1.740259 0.105304 1.602411
v 0.852981 0.115257 1.870147
v 1.098434 0.066700 0.989137
v 1.088579 0.073808 0.975005
v 0.852910 0.110997 1.874212
v 1.214487 0.062312 0.828531
v 0.852834 0.100579 1.878555
v 1.740245 0.110581 1.602322
v 0.852636 0.085842 1.889935
v 0.852378 0.074534 1.904767
v 1.080117 0.085116 0.962869
v 0.852077 0.067425 1.922039
v 1.073623 0.099853 0.953558
v 0.851755 0.065001 1.940573
v 1.228093 0.055203 0.839049
v 0.851432 0.067425 1.959108
v 1.071141 0.110290 0.949998
v 0.851132 0.074534 1.976380
v 1.734148 0.049036 1.006453
v 0.713866 0.073620 2.020627
v 0.850873 0.085842 1.991211
v 0.850675 0.100579 2.002592
v 0.707806 0.062312 2.007112
v 1.242693 0.052779 0.850336
v 0.850600 0.111016 2.006943
v 0.850529 0.115172 2.010978
v 1.068839 0.114446 0.946696
v 0.850429 0.115696 2.016755
v 0.700748 0.055203 1.991374
v 0.850227 0.112319 2.028337
v 1.065543 0.114971 0.941970
v 0.909775 0.108904 2.040372
v 0.693174 0.052779 1.974484
v 0.909758 0.103551 2.040440
v 0.008918 0.113784 1.598157
v 0.685600 0.055203 1.957595
v 0.911494 0.086157 2.033403
v 1.058934 0.111593 0.932493
v 0.678542 0.062312 1.941857
v 0.672482 0.073620 1.928342
v 1.257294 0.055203 0.861623
v 0.998554 0.108904 0.965237
v 1.270899 0.062312 0.872141
v 1.735940 0.051709 2.000210
v 0.953248 0.086157 1.864216
v 0.998525 0.103551 0.965172
v 1.001475 0.086157 0.971786
v 0.954983 0.103532 1.857186
v 0.954961 0.108809 1.857273
v 0.008601 0.105304 1.602410
v 1.282582 0.073620 0.881173
v 0.953958 0.112012 1.861341
v 0.950054 0.116003 1.877159
v 1.731013 0.051709 2.008743
v 0.948656 0.115257 1.882825
v 0.008967 0.110581 1.602322
v 1.736309 0.045000 2.011111
v 0.947682 0.110997 1.886770
v 0.946642 0.100579 1.890985
v 1.740639 0.045000 2.003612
v 0.943916 0.085842 1.902031
v 0.008918 0.117469 1.430490
v 0.008602 0.112788 1.440239
v 0.940363 0.074534 1.916426
v 1.072397 0.086157 1.130778
v 0.936226 0.067425 1.933189
v 0.931787 0.065001 1.951179
v 1.733569 0.052047 2.004529
v 0.008967 0.116945 1.436230
v 0.927347 0.067425 1.969168
v 0.923210 0.074534 1.985931
v 1.075344 0.103532 1.137384
v 0.919657 0.085842 2.000326
v 1.075308 0.108809 1.137302
v 0.916932 0.100579 2.011372
v 0.783713 0.073620 1.997390
v 0.780608 0.062312 1.982892
v 0.915889 0.111016 2.015595
v 1.737748 0.049084 2.006942
v 0.914923 0.115172 2.019511
v 0.776991 0.055203 1.966009
v 0.913539 0.115696 2.025117
v 0.008918 0.117776 1.581964
v 0.910765 0.112319 2.036359
v 0.773110 0.052779 1.947891
v 0.970297 0.108904 2.062613
v 1.073603 0.112012 1.133479
v 0.970266 0.103551 2.062676
v 1.066972 0.116003 1.118615
v 0.973430 0.086157 2.056163
v 0.769229 0.055203 1.929773
v 1.734148 0.049036 2.010770
v 0.765613 0.062312 1.912890
v 0.008602 0.112769 1.572124
v 0.762507 0.073620 1.898392
v 1.064597 0.115257 1.113290
v 1.062943 0.110997 1.109583
v 1.049501 0.086157 1.899588
v 1.739370 0.045000 2.007879
v 1.052662 0.103532 1.893082
v 1.739262 0.049036 2.001911
v 1.061176 0.100579 1.105621
v 1.052623 0.108809 1.893162
v 1.050794 0.112012 1.896927
v 0.008967 0.117029 1.576163
v 1.043682 0.116003 1.911566
v 1.056546 0.085842 1.095241
v 1.041134 0.115257 1.916810
v 0.012918 0.000000 2.011111
v 1.039360 0.110997 1.920461
v 1.050511 0.074534 1.081714
v 1.037465 0.100579 1.924362
v 1.043484 0.067425 1.065961
v 1.739953 0.117469 1.430491
v 1.032499 0.085842 1.934584
v 1.026026 0.074534 1.947906
v 0.008588 0.000000 2.003611
v 1.018489 0.067425 1.963420
v 1.035943 0.065001 1.049055
v 1.141479 0.073620 0.898960
v 1.010400 0.065001 1.980068
v 1.028402 0.067425 1.032150
v 1.002312 0.067425 1.996716
v 0.994775 0.074534 2.012230
v 1.151799 0.062312 0.909539
v 0.988302 0.085842 2.025552
v 1.021375 0.074534 1.016397
v 0.983336 0.100579 2.035774
v 1.740259 0.112788 1.440240
v 0.981437 0.111016 2.039682
v 0.853322 0.073620 1.990344
v 0.979676 0.115172 2.043307
v 1.015341 0.085842 1.002869
v 0.853515 0.062312 1.975512
v 0.977155 0.115696 2.048496
v 0.853740 0.055203 1.958241
v 0.972101 0.112319 2.058899
v 1.031852 0.108904 2.100552
v 1.163817 0.055203 0.921858
v 1.010711 0.100579 0.992489
v 1.031810 0.103551 2.100609
v 0.853981 0.052779 1.939705
v 1.036128 0.086157 2.094806
v 0.854223 0.055203 1.921170
v 0.009856 0.000000 2.007879
v 0.854448 0.062312 1.903898
v 1.008941 0.111016 0.988521
v 0.854641 0.073620 1.889067
v 1.740095 0.116945 1.436231
v 1.007299 0.115172 0.984841
v 1.176714 0.052779 0.935078
v 1.139917 0.086157 1.955316
v 1.144230 0.103532 1.949520
v 1.004949 0.115696 0.979572
v 1.144177 0.108809 1.949591
v 0.878943 0.000000 2.506111
v 1.141681 0.112012 1.952945
v 1.000236 0.112319 0.969008
v 0.937579 0.108904 0.985345
v 1.131978 0.116003 1.965986
v 1.189610 0.055203 0.948298
v 1.128502 0.115257 1.970658
v 0.937565 0.103551 0.985276
v 1.126081 0.110997 1.973911
v 1.739503 0.117776 1.581964
v 1.123495 0.100579 1.977386
v 1.116719 0.085842 1.986493
v 1.201629 0.062312 0.960617
v 0.939060 0.086157 0.992369
v 1.107889 0.074534 1.998362
v 1.740259 0.112769 1.572124
v 1.097605 0.067425 2.012182
v 1.086569 0.065001 2.027014
v 1.211949 0.073620 0.971196
v 0.870283 0.000000 2.506111
v 1.075533 0.067425 2.041846
v 1.065250 0.074534 2.055667
v 1.740246 0.117029 1.576163
v 0.874613 0.000000 2.507147
v 1.056419 0.085842 2.067535
v 1.049643 0.100579 2.076643
v 1.740639 0.000000 2.003612
v 1.047052 0.111016 2.080124
v 1.736309 0.000000 2.011111
v 1.044650 0.115172 2.083353
v 0.922702 0.073620 1.999198
v 1.041210 0.115696 2.087976
v 1.739370 0.000000 2.007879
v 1.034314 0.112319 2.097244
v 0.926184 0.062312 1.984786
v 1.093597 0.108904 2.155479
v 0.975005 0.086157 1.162896
v 1.093546 0.103551 2.155528
v 0.930239 0.055203 1.968002
v 0.976498 0.103532 1.169982
v 1.098738 0.086157 2.150503
v 0.934591 0.052779 1.949992
v 1.736309 -0.000003 1.006112
v 0.938943 0.055203 1.931981
v 0.976480 0.108809 1.169894
v 0.942998 0.062312 1.915198
v 0.946480 0.073620 1.900786
v 1.740639 0.000000 1.013611
v 1.223550 0.086157 2.029713
v 1.739371 -0.000001 1.009344
v 0.975616 0.112012 1.165794
v 1.228736 0.103532 2.024694
v 0.972255 0.116003 1.149851
v 1.228672 0.108809 2.024756
v 0.870284 -0.000565 0.511111
v 1.225671 0.112012 2.027660
v 1.214002 0.116003 2.038953
v 0.878944 -0.000565 0.511111
v 1.209822 0.115257 2.042999
v 0.971051 0.115257 1.144140
v 0.874614 -0.000566 0.510076
v 1.206911 0.110997 2.045815
v 0.970213 0.110997 1.140164
v 1.203802 0.100579 2.048825
v 0.969317 0.100579 1.135915
v 1.195653 0.085842 2.056711
v 0.008588 0.000000 1.013611
v 1.185034 0.074534 2.066988
v 1.172667 0.067425 2.078956
v 0.966971 0.085842 1.124782
v 1.159396 0.065001 2.091799
v 0.012918 -0.000003 1.006111
v 0.009856 -0.000001 1.009343
v 1.146125 0.067425 2.104643
v 1.133759 0.074534 2.116611
v 0.963912 0.074534 1.110273
v 0.960351 0.067425 1.093377
v 1.123139 0.085842 2.126888
v 1.114991 0.100579 2.134774
v 0.064921 0.070867 1.981513
v 1.111875 0.111016 2.137789
v 0.060222 0.070867 1.973374
v 0.956529 0.065001 1.075245
v 1.108986 0.115172 2.140585
v 0.991858 0.073620 2.024224
v 1.104850 0.115696 2.144588
v 0.051872 0.065742 1.977932
v 1.096557 0.112319 2.152614
v 1.154153 0.108904 2.228214
v 0.998269 0.062312 2.010872
v 1.154096 0.103551 2.228255
v 1.005735 0.055203 1.995323
v 0.952707 0.067425 1.057113
v 1.159927 0.086157 2.223999
v 0.949146 0.074534 1.040217
v 1.013746 0.052779 1.978637
v 1.021758 0.055203 1.961951
v 1.083812 0.073620 0.962914
v 1.029224 0.062312 1.946402
v 0.946087 0.085842 1.025708
v 1.092285 0.062312 0.975042
v 1.300111 0.086157 2.121672
v 1.035635 0.073620 1.933050
v 0.056799 0.065742 1.986465
v 1.305935 0.103532 2.117420
v 0.943741 0.100579 1.014575
v 1.305863 0.108809 2.117472
v 0.942843 0.111016 1.010318
v 1.302493 0.112012 2.119933
v 1.102152 0.055203 0.989164
v 1.289387 0.116003 2.129499
v 0.942011 0.115172 1.006371
v 1.284692 0.115257 2.132926
v 1.281423 0.110997 2.135313
v 0.062186 0.071417 1.977666
v 1.277930 0.100579 2.137862
v 0.057843 0.068059 1.980174
v 1.268778 0.085842 2.144543
v 0.940820 0.115696 1.000720
v 0.938432 0.112319 0.989390
v 1.256851 0.074534 2.153249
v 1.242961 0.067425 2.163388
v 1.112740 0.052779 1.004320
v 0.056264 0.067951 1.975653
v 1.228056 0.065001 2.174268
v 0.877827 0.108904 0.991156
v 1.213151 0.067425 2.185148
v 1.199261 0.074534 2.195287
v 1.123329 0.055203 1.019475
v 1.187334 0.085842 2.203993
v 0.877829 0.103551 0.991085
v 0.877702 0.086157 0.998336
v 1.178182 0.100579 2.210674
v 1.133195 0.062312 1.033598
v 1.174683 0.111016 2.213228
v 1.171438 0.115172 2.215597
v 0.054243 0.066080 1.982252
v 1.060383 0.073620 2.066052
v 1.166792 0.115696 2.218988
v 1.157478 0.112319 2.225787
v 0.060968 0.067951 1.983801
v 0.505043 0.108904 2.315317
v 1.141668 0.073620 1.045725
v 1.069170 0.062312 2.054151
v 0.501481 0.112319 2.313261
v 0.505103 0.103551 2.315352
v 0.869914 0.070867 2.446276
v 1.079402 0.055203 2.040290
v 0.498858 0.086157 2.311746
v 0.485083 0.065446 2.303793
v 1.090382 0.052779 2.025416
v 0.467130 0.049554 2.293428
v 0.869687 0.065742 2.455786
v 0.446224 0.039564 2.281358
v 1.101363 0.055203 2.010542
v 0.879540 0.065742 2.455786
v 0.423790 0.036157 2.268405
v 0.401355 0.039564 2.255453
v 1.111595 0.062312 1.996682
v 0.879312 0.070867 2.446276
v 0.380450 0.049554 2.243383
v 0.362499 0.065446 2.233019
v 1.120382 0.073620 1.984780
v 0.869909 0.067951 2.450843
v 0.348724 0.086157 2.225066
v 0.342486 0.103532 2.221465
v 0.874668 0.086157 1.172653
v 0.874613 0.068059 2.451737
v 0.342563 0.108809 2.221509
v 0.346173 0.112012 2.223593
v 0.874542 0.103532 1.179896
v 0.874613 0.066080 2.455893
v 0.360209 0.116003 2.231697
v 0.874544 0.108809 1.179807
v 0.365237 0.115257 2.234600
v 0.368737 0.110997 2.236621
v 0.874617 0.112012 1.175616
v 0.372478 0.100579 2.238780
v 0.879317 0.067951 2.450843
v 0.874901 0.116003 1.159318
v 0.382279 0.085842 2.244440
v 0.874613 0.071417 2.446721
v 0.395053 0.074534 2.251814
v 0.409929 0.067425 2.260403
v 0.875002 0.115257 1.153480
v 0.425892 0.065001 2.269619
v 0.060222 0.070867 1.043848
v 0.441855 0.067425 2.278836
v 0.875073 0.110997 1.149415
v 0.064922 0.070867 1.035709
v 0.456731 0.074534 2.287424
v 0.056799 0.065742 1.030757
v 0.469505 0.085842 2.294799
v 0.875149 0.100579 1.145072
v 0.479307 0.100579 2.300459
v 0.051872 0.065742 1.039290
v 0.483055 0.111016 2.302622
v 0.486530 0.115172 2.304629
v 0.875347 0.085842 1.133692
v 0.491506 0.115696 2.307501
v 1.127409 0.073620 2.125294
v 0.875605 0.074534 1.118860
v 1.210217 0.108904 2.316068
v 1.213773 0.112319 2.314015
v 0.062186 0.071417 1.039556
v 1.210157 0.103551 2.316103
v 1.138003 0.062312 2.114989
v 1.216392 0.086157 2.312502
v 0.875905 0.067425 1.101588
v 1.230147 0.065446 2.304561
v 1.150339 0.055203 2.102989
v 1.163578 0.052779 2.090111
v 1.248072 0.049554 2.294212
v 0.057843 0.068059 1.037048
v 1.268946 0.039564 2.282161
v 1.176817 0.055203 2.077233
v 1.291347 0.036157 2.269228
v 0.876228 0.065001 1.083054
v 1.313748 0.039564 2.256294
v 1.189154 0.062312 2.065233
v 1.334623 0.049554 2.244242
v 1.352548 0.065446 2.233893
v 0.060969 0.067951 1.033421
v 1.366303 0.086157 2.225951
v 0.876551 0.067425 1.064519
v 1.372532 0.103532 2.222355
v 1.199747 0.073620 2.054928
v 1.372455 0.108809 2.222399
v 0.054244 0.066080 1.034970
v 1.014117 0.073620 1.003000
v 1.368850 0.112012 2.224481
v 1.354835 0.116003 2.232573
v 0.876851 0.074534 1.047247
v 0.056265 0.067951 1.041569
v 1.349814 0.115257 2.235471
v 0.877109 0.085842 1.032416
v 1.346318 0.110997 2.237490
v 1.342583 0.100579 2.239646
v 0.877307 0.100579 1.021035
v 1.332796 0.085842 2.245297
v 0.869914 0.070867 0.570946
v 0.877383 0.111016 1.016684
v 1.320041 0.074534 2.252661
v 1.305187 0.067425 2.261237
v 1.020177 0.062312 1.016515
v 0.877453 0.115172 1.012649
v 1.289248 0.065001 2.270439
v 0.879313 0.070867 0.570946
v 1.273308 0.067425 2.279642
v 1.258455 0.074534 2.288218
v 1.027235 0.055203 1.032253
v 1.245700 0.085842 2.295582
v 0.877554 0.115696 1.006872
v 1.235913 0.100579 2.301232
v 1.034809 0.052779 1.049143
v 1.232171 0.111016 2.303392
v 0.877755 0.112319 0.995290
v 0.818208 0.108904 0.983255
v 1.228701 0.115172 2.305396
v 0.879540 0.065742 0.561436
v 1.223733 0.115696 2.308264
v 1.042383 0.055203 1.066032
v 1.191808 0.073620 2.202347
v 0.818225 0.103551 0.983187
v 1.203725 0.062312 2.193625
v 0.816488 0.086157 0.990224
v 1.217603 0.055203 2.183469
v 1.232495 0.052779 2.172569
v 0.869687 0.065742 0.561436
v 0.874614 0.071417 0.570501
v 1.247387 0.055203 2.161670
v 1.049440 0.062312 1.081770
v 1.261265 0.062312 2.151513
v 1.055501 0.073620 1.095285
v 1.273182 0.073620 2.142792
v 0.874614 0.068059 0.565486
v 0.879318 0.067951 0.566379
v 0.874614 0.066080 0.561330
v 0.869909 0.067951 0.566379
v 1.684305 0.070867 1.035710
v 0.774735 0.086157 1.159411
v 0.773000 0.103532 1.166441
v 1.689005 0.070867 1.043849
v 1.697355 0.065742 1.039290
v 0.773021 0.108809 1.166354
v 1.692428 0.065742 1.030757
v 0.774025 0.112012 1.162286
v 0.777929 0.116003 1.146468
v 1.687041 0.071417 1.039556
v 1.691384 0.068059 1.037049
v 0.779327 0.115257 1.140802
v 1.692963 0.067951 1.041569
v 0.780301 0.110997 1.136857
v 0.781341 0.100579 1.132642
v 1.694983 0.066080 1.034971
v 1.688258 0.067951 1.033421
v 0.784067 0.085842 1.121596
v 0.787620 0.074534 1.107201
v 1.689004 0.070867 1.973374
v 0.791757 0.067425 1.090438
v 1.684305 0.070867 1.981514
v 0.796196 0.065001 1.072448
v 1.692428 0.065742 1.986466
v 0.800636 0.067425 1.054459
v 1.697354 0.065742 1.977933
v 0.804773 0.074534 1.037696
v 1.687040 0.071417 1.977667
v 0.944269 0.073620 1.026237
v 0.808325 0.085842 1.023301
v 1.691384 0.068059 1.980174
v 0.811051 0.100579 1.012255
v 1.688258 0.067951 1.983802
v 0.812093 0.111016 1.008032
v 0.947375 0.062312 1.040735
v 0.813060 0.115172 1.004116
v 1.694983 0.066080 1.982252
v 0.814444 0.115696 0.998510
v 0.950992 0.055203 1.057618
v 0.817218 0.112319 0.987268
v 0.757686 0.108904 0.961014
v 1.692962 0.067951 1.975653
v 0.954873 0.052779 1.075736
v 0.757717 0.103551 0.960951
v 0.754553 0.086157 0.967464
v 0.073261 0.078670 1.976698
v 0.958754 0.055203 1.093854
v 0.962370 0.062312 1.110737
v 0.077213 0.082086 1.968990
v 0.965476 0.073620 1.125235
v 0.068562 0.078670 1.968559
v 0.075097 0.081085 1.973086
v 0.072655 0.080756 1.971622
v 0.072608 0.081085 1.968775
v 0.678482 0.086157 1.124039
v 0.070525 0.079220 1.972851
v 0.675321 0.103532 1.130545
v 0.869914 0.078670 2.436646
v 0.675360 0.108809 1.130465
v 0.677189 0.112012 1.126700
v 0.879312 0.078670 2.436646
v 0.684301 0.116003 1.112061
v 0.874613 0.082086 2.429370
v 0.874613 0.079220 2.437092
v 0.686849 0.115257 1.106817
v 0.688622 0.110997 1.103166
v 0.874613 0.080756 2.434633
v 0.690518 0.100579 1.099265
v 0.877102 0.081085 2.433250
v 0.695484 0.085842 1.089043
v 0.872124 0.081085 2.433250
v 0.068562 0.078670 1.048663
v 0.701957 0.074534 1.075721
v 0.077213 0.082086 1.048231
v 0.709494 0.067425 1.060207
v 0.073261 0.078670 1.040524
v 0.717582 0.065001 1.043559
v 0.072608 0.081085 1.048447
v 0.725671 0.067425 1.026911
v 0.072655 0.080756 1.045600
v 0.733208 0.074534 1.011397
v 0.739681 0.085842 0.998075
v 0.075097 0.081085 1.044136
v 0.874661 0.073620 1.033283
v 0.744647 0.100579 0.987853
v 0.070526 0.079220 1.044371
v 0.746546 0.111016 0.983944
v 0.869914 0.078670 0.580576
v 0.748307 0.115172 0.980320
v 0.874468 0.062312 1.048115
v 0.750827 0.115696 0.975131
v 0.874614 0.082086 0.587852
v 0.755882 0.112319 0.964728
v 0.874243 0.055203 1.065387
v 0.696131 0.108904 0.923075
v 0.879313 0.078670 0.580576
v 0.696172 0.103551 0.923018
v 0.691855 0.086157 0.928820
v 0.874002 0.052779 1.083922
v 0.872124 0.081085 0.583972
v 0.873760 0.055203 1.102457
v 0.874614 0.080756 0.582590
v 0.873535 0.062312 1.119729
v 0.877103 0.081085 0.583972
v 0.873342 0.073620 1.134560
v 0.874614 0.079220 0.580131
v 0.588065 0.086157 1.068311
v 1.675966 0.078670 1.040524
v 1.672014 0.082086 1.048232
v 0.583753 0.103532 1.074107
v 0.583806 0.108809 1.074036
v 1.680665 0.078670 1.048663
v 0.586302 0.112012 1.070682
v 1.674130 0.081085 1.044136
v 1.676572 0.080756 1.045601
v 0.596005 0.116003 1.057641
v 0.599481 0.115257 1.052969
v 1.676619 0.081085 1.048448
v 0.601901 0.110997 1.049716
v 1.678701 0.079220 1.044371
v 0.604487 0.100579 1.046241
v 1.680665 0.078670 1.968559
v 1.672014 0.082086 1.968991
v 0.611263 0.085842 1.037134
v 1.675966 0.078670 1.976699
v 0.620094 0.074534 1.025265
v 1.676619 0.081085 1.968775
v 0.630378 0.067425 1.011444
v 0.641414 0.065001 0.996613
v 1.676571 0.080756 1.971622
v 0.652449 0.067425 0.981781
v 1.674129 0.081085 1.973087
v 0.662733 0.074534 0.967960
v 1.678701 0.079220 1.972852
v 0.008602 0.045040 1.473789
v 0.671564 0.085842 0.956092
v 0.008631 0.045127 1.500140
v 0.678340 0.100579 0.946985
v 0.680931 0.111016 0.943503
v 0.805281 0.073620 1.024429
v 0.683333 0.115172 0.940274
v 0.008602 0.045040 1.501570
v 0.686773 0.115696 0.935651
v 0.801799 0.062312 1.038841
v 0.693669 0.112319 0.926383
v 0.008602 0.045040 1.543433
v 0.634386 0.108904 0.868148
v 0.797743 0.055203 1.055625
v 0.634437 0.103551 0.868099
v 0.009964 0.049036 1.464141
v 0.629245 0.086157 0.873124
v 0.793392 0.052779 1.073635
v 0.009964 0.049036 1.553081
v 0.013287 0.051709 1.559109
v 0.789040 0.055203 1.091646
v 0.012812 0.051327 1.458611
v 0.784985 0.062312 1.108429
v 0.013287 0.051709 1.458113
v 0.781503 0.073620 1.122841
v 0.504433 0.086157 0.993914
v 0.012812 0.051327 1.558611
v 1.740259 0.046114 1.471197
v 0.499247 0.103532 0.998933
v 0.499311 0.108809 0.998871
v 1.740259 0.046114 1.546026
v 1.739263 0.049036 1.464141
v 0.502312 0.112012 0.995967
v 0.513981 0.116003 0.984674
v 1.739263 0.049036 1.553082
v 1.736415 0.051327 1.558612
v 0.518161 0.115257 0.980628
v 0.521071 0.110997 0.977812
v 1.736415 0.051327 1.458611
v 0.524181 0.100579 0.974802
v 1.735940 0.051709 1.458113
v 1.735940 0.051709 1.559110
v 0.532330 0.085842 0.966916
v 0.051872 0.065742 1.577398
v 0.542949 0.074534 0.956639
v 0.054807 0.067218 1.579322
v 0.555316 0.067425 0.944671
v 0.056264 0.067951 1.579884
v 0.568587 0.065001 0.931827
v 0.581858 0.067425 0.918984
v 0.056264 0.067951 1.437338
v 0.051872 0.065742 1.439824
v 0.594224 0.074534 0.907016
v 0.054807 0.067218 1.437900
v 0.604844 0.085842 0.896739
v 0.060222 0.070867 1.435100
v 0.612992 0.100579 0.888853
v 0.616107 0.111016 0.885838
v 0.060222 0.070867 1.582122
v 0.618997 0.115172 0.883042
v 1.692962 0.067951 1.579885
v 0.623133 0.115696 0.879039
v 0.736125 0.073620 0.999403
v 0.729714 0.062312 1.012755
v 0.631426 0.112319 0.871013
v 1.694420 0.067218 1.579322
v 0.573830 0.108904 0.795413
v 0.573887 0.103551 0.795372
v 0.722248 0.055203 1.028304
v 0.568056 0.086157 0.799628
v 1.697355 0.065742 1.577399
v 0.714236 0.052779 1.044990
v 1.697355 0.065742 1.439824
v 0.706225 0.055203 1.061676
v 1.692962 0.067951 1.437338
v 0.698759 0.062312 1.077225
v 1.694420 0.067218 1.437901
v 0.692348 0.073620 1.090577
v 0.427872 0.086157 0.901955
v 1.689005 0.070867 1.582122
v 1.689005 0.070867 1.435101
v 0.422047 0.103532 0.906207
v 0.068562 0.078670 1.588109
v 0.422119 0.108809 0.906155
v 0.425490 0.112012 0.903694
v 0.072608 0.081085 1.589962
v 0.438596 0.116003 0.894127
v 0.072608 0.081085 1.427260
v 0.443291 0.115257 0.890700
v 0.068562 0.078670 1.429113
v 0.077213 0.082086 1.590730
v 0.446560 0.110997 0.888314
v 0.077213 0.082086 1.426492
v 0.450052 0.100579 0.885765
v 0.459204 0.085842 0.879084
v 1.676619 0.081085 1.589963
v 1.680665 0.078670 1.588109
v 0.471132 0.074534 0.870378
v 0.485021 0.067425 0.860239
v 1.680665 0.078670 1.429114
v 0.499927 0.065001 0.849359
v 1.676619 0.081085 1.427260
v 0.514832 0.067425 0.838479
v 1.672014 0.082086 1.590730
v 0.528722 0.074534 0.828340
v 1.672014 0.082086 1.426492
v 0.667600 0.073620 0.957574
v 0.540649 0.085842 0.819633
v 0.549801 0.100579 0.812953
v 0.658813 0.062312 0.969477
v 0.553300 0.111016 0.810399
v 0.648581 0.055203 0.983337
v 0.556545 0.115172 0.808030
v 0.637600 0.052779 0.998211
v 0.561191 0.115696 0.804639
v 0.626620 0.055203 1.013084
v 0.570505 0.112319 0.797840
v 0.616388 0.062312 1.026945
v 1.222940 0.108904 0.708310
v 0.607601 0.073620 1.038847
v 0.600574 0.073620 0.898333
v 1.226501 0.112319 0.710366
v 1.222879 0.103551 0.708275
v 0.589980 0.062312 0.908638
v 0.577643 0.055203 0.920638
v 1.229125 0.086157 0.711881
v 0.564405 0.052779 0.933516
v 1.242900 0.065446 0.719834
v 0.551166 0.055203 0.946394
v 1.260853 0.049554 0.730199
v 0.538829 0.062312 0.958394
v 1.281759 0.039564 0.742269
v 0.528235 0.073620 0.968699
v 1.304193 0.036157 0.755222
v 0.536175 0.073620 0.821280
v 1.326627 0.039564 0.768174
v 0.524258 0.062312 0.830002
v 1.347533 0.049554 0.780244
v 0.510380 0.055203 0.840158
v 1.365484 0.065446 0.790608
v 0.495488 0.052779 0.851058
v 1.379259 0.086157 0.798561
v 1.385497 0.103532 0.802162
v 0.480595 0.055203 0.861957
v 0.466718 0.062312 0.872114
v 1.385420 0.108809 0.802118
v 1.381810 0.112012 0.800034
v 0.454801 0.073620 0.880835
v 0.495901 0.065742 0.777241
v 1.367774 0.116003 0.791930
v 0.426528 0.065742 0.817294
v 1.362746 0.115257 0.789027
v 0.500757 0.067951 0.779509
v 1.359245 0.110997 0.787006
v 0.426394 0.067951 0.822443
v 1.355505 0.100579 0.784846
v 0.506182 0.070867 0.780947
v 1.345703 0.085842 0.779188
v 0.425231 0.070867 0.827684
v 1.332930 0.074534 0.771813
v 1.315329 0.065742 0.813039
v 1.318054 0.067425 0.763224
v 1.302091 0.065001 0.754008
v 1.245898 0.065742 0.772953
v 1.315397 0.067951 0.818150
v 1.286127 0.067425 0.744791
v 1.240974 0.067951 0.775182
v 1.271252 0.074534 0.736203
v 1.316505 0.070867 0.823359
v 1.258478 0.085842 0.728828
v 1.235493 0.070867 0.776587
v 1.248675 0.100579 0.723168
v 0.517136 0.078670 0.784253
v 1.244928 0.111016 0.721005
v 0.423249 0.078670 0.838458
v 1.241453 0.115172 0.718998
v 0.520922 0.081085 0.786739
v 1.236477 0.115696 0.716126
v 0.423816 0.081085 0.842803
v 0.517766 0.108904 0.707559
v 0.524067 0.082086 0.790240
v 0.514210 0.112319 0.709612
v 0.517826 0.103551 0.707524
v 0.425625 0.082086 0.847076
v 0.511590 0.086157 0.711125
v 1.318366 0.078670 0.834063
v 0.497836 0.065446 0.719066
v 1.224414 0.078670 0.779820
v 0.479911 0.049554 0.729415
v 1.220570 0.081085 0.782273
v 1.317737 0.081085 0.838372
v 0.459037 0.039564 0.741466
v 1.217358 0.082086 0.785736
v 0.436636 0.036157 0.754400
v 1.315859 0.082086 0.842605
v 0.414235 0.039564 0.767333
v 0.393360 0.049554 0.779385
v 0.442047 0.052779 0.767176
v 0.461576 0.055203 0.763598
v 0.375435 0.065446 0.789734
v 0.361680 0.086157 0.797675
v 0.429688 0.055203 0.782009
v 0.355451 0.103532 0.801272
v 0.486954 0.062312 0.771515
v 0.355528 0.108809 0.801227
v 0.425334 0.062312 0.807091
v 0.359132 0.112012 0.799146
v 1.300313 0.052779 0.763211
v 0.373148 0.116003 0.791054
v 1.312591 0.055203 0.777997
v 0.378169 0.115257 0.788156
v 1.280667 0.055203 0.759566
v 0.381665 0.110997 0.786137
v 1.316666 0.062312 0.802919
v 0.385400 0.100579 0.783981
v 1.254989 0.062312 0.767310
v 0.395187 0.085842 0.778330
v 0.510876 0.073620 0.781634
v 0.407942 0.074534 0.770966
v 0.423708 0.073620 0.831961
v 1.317989 0.073620 0.827614
v 0.422795 0.067425 0.762390
v 0.438735 0.065001 0.753188
v 1.230758 0.073620 0.777250
v 0.454675 0.067425 0.743985
v 1.287733 0.082086 0.885155
v 0.469528 0.074534 0.735409
v 1.197654 0.082086 0.815517
v 1.216498 0.082086 0.975859
v 0.482283 0.085842 0.728045
v 1.080078 0.082086 0.957568
v 0.492070 0.100579 0.722395
v 0.942900 0.082086 1.019846
v 0.495812 0.111016 0.720234
v 1.011445 0.082086 0.997043
v 0.499282 0.115172 0.718231
v 0.504249 0.115696 0.715363
v 0.874746 0.082086 1.026745
v 1.136929 0.082086 0.894297
v 0.806816 0.082086 1.018076
v 0.671473 0.082086 0.952328
v 0.605244 0.082086 0.893790
v 0.738951 0.082086 0.993517
v 0.449548 0.082086 0.884680
v 0.523566 0.082086 0.973241
v 0.541428 0.082086 0.817436
v 0.603728 0.082086 1.044093
v 1.145403 0.082086 1.051071
v 0.966845 0.082086 1.131626
v 1.058173 0.082086 1.101243
v 0.779968 0.082086 1.129194
v 0.689522 0.082086 1.096463
v 0.873257 0.082086 1.141098
v 0.473692 0.045000 0.740083
v 0.406168 0.045000 0.779068
v 0.482866 0.049036 0.736376
v 0.398473 0.049036 0.785100
v 0.484295 0.049554 0.736295
v 0.397735 0.049554 0.786270
v 0.488169 0.051709 0.737151
v 0.396742 0.051709 0.789936
v 1.337353 0.045000 0.775774
v 1.269736 0.045000 0.736735
v 1.345065 0.049036 0.781816
v 1.260558 0.049036 0.733026
v 1.345804 0.049554 0.782986
v 1.259131 0.049554 0.732946
v 1.346809 0.051709 0.786659
v 1.255277 0.051709 0.733813
v 0.401750 0.065742 0.831599
v 0.402640 0.067951 0.836157
v 0.524626 0.065742 0.760657
v 0.528459 0.067951 0.763515
v 0.532529 0.070867 0.765736
v 0.402827 0.070867 0.840619
v 1.219077 0.065742 0.757468
v 1.215281 0.067951 0.760348
v 1.341920 0.065742 0.828391
v 1.341045 0.067951 0.832957
v 1.211246 0.070867 0.762588
v 1.340871 0.070867 0.837427
v 0.542207 0.078670 0.769778
v 0.545990 0.081085 0.772266
v 0.402116 0.078670 0.850659
v 0.402680 0.081085 0.855006
v 0.549134 0.082086 0.775768
v 0.404484 0.082086 0.859281
v 1.201643 0.078670 0.766674
v 1.197890 0.081085 0.769179
v 1.341603 0.078670 0.847480
v 1.341044 0.081085 0.851829
v 1.194782 0.082086 0.772702
v 1.339248 0.082086 0.856109
v 0.462332 0.039564 0.746642
v 0.439929 0.036157 0.759576
v 0.417527 0.039564 0.772510
v 0.523991 0.065446 0.760083
v 0.401510 0.065446 0.830797
v 1.325978 0.039564 0.769206
v 1.303544 0.036157 0.756254
v 1.281110 0.039564 0.743302
v 1.342158 0.065446 0.827588
v 1.219707 0.065446 0.756890
v 0.939708 0.082086 0.995445
v 1.176775 0.082086 0.801483
v 1.122983 0.082086 0.874248
v 0.565527 0.082086 0.801474
v 0.626994 0.082086 0.875302
v 1.002755 0.082086 0.974653
v 0.877648 0.082086 1.001480
v 0.815735 0.082086 0.993275
v 0.753181 0.082086 0.970288
v 1.062146 0.082086 0.937099
v 0.689983 0.082086 0.931336
v 1.309144 0.082086 0.903801
v 0.430400 0.082086 0.900110
v 0.506684 0.082086 0.991736
v 1.240017 0.082086 0.993988
v 0.589937 0.082086 1.065796
v 1.158658 0.082086 1.075500
v 1.071118 0.082086 1.127910
v 0.874723 0.082086 1.169509
v 0.775488 0.082086 1.156360
v 0.679853 0.082086 1.121215
v 0.974356 0.082086 1.159821
v 0.421588 0.065742 2.197076
v 0.491022 0.065742 2.237164
v 0.495946 0.067951 2.234936
v 0.421519 0.067951 2.191965
v 0.501428 0.070867 2.233531
v 0.420411 0.070867 2.186755
v 1.234814 0.065742 2.250669
v 1.304182 0.065742 2.210619
v 1.304316 0.067951 2.205471
v 1.229958 0.067951 2.248401
v 1.305478 0.070867 2.200229
v 1.224533 0.070867 2.246963
v 0.512507 0.078670 2.230298
v 0.418550 0.078670 2.176051
v 0.516351 0.081085 2.227845
v 0.419178 0.081085 2.171742
v 0.519563 0.082086 2.224381
v 0.421056 0.082086 2.167509
v 1.307461 0.078670 2.189455
v 1.213580 0.078670 2.243657
v 1.306894 0.081085 2.185110
v 1.209795 0.081085 2.241170
v 1.305085 0.082086 2.180837
v 1.206649 0.082086 2.237669
v 0.456252 0.055203 2.250550
v 0.436605 0.052779 2.246905
v 0.424326 0.055203 2.232118
v 0.481932 0.062312 2.242808
v 0.420251 0.062312 2.207196
v 1.301024 0.055203 2.245903
v 1.288666 0.052779 2.260736
v 1.269137 0.055203 2.264313
v 1.305376 0.062312 2.220822
v 1.243760 0.062312 2.256395
v 0.506163 0.073620 2.232867
v 0.418926 0.073620 2.182501
v 1.307002 0.073620 2.195952
v 1.219840 0.073620 2.246276
v 1.278435 0.082086 2.138947
v 1.124255 0.082086 1.979534
v 1.204417 0.082086 2.050386
v 1.186555 0.082086 2.206192
v 1.056510 0.082086 2.071299
v 0.921167 0.082086 2.005551
v 0.989032 0.082086 2.030110
v 1.122739 0.082086 2.129837
v 0.785082 0.082086 2.003781
v 0.647905 0.082086 2.066059
v 0.853236 0.082086 1.996882
v 0.716538 0.082086 2.026584
v 0.440250 0.082086 2.138472
v 0.511485 0.082086 2.047768
v 0.582580 0.082086 1.972556
v 0.530329 0.082086 2.208110
v 0.591054 0.082086 2.129330
v 0.948015 0.082086 1.894433
v 1.038460 0.082086 1.927164
v 0.761138 0.082086 1.892001
v 0.669810 0.082086 1.922385
v 0.854726 0.082086 1.882529
v 0.399249 0.045000 2.234159
v 0.466839 0.045000 2.273183
v 0.476017 0.049036 2.276892
v 0.391543 0.049036 2.228121
v 0.477443 0.049554 2.276972
v 0.390805 0.049554 2.226951
v 0.481294 0.051709 2.276102
v 0.389800 0.051709 2.223278
v 1.257021 0.045000 2.287828
v 1.324540 0.045000 2.248846
v 1.332235 0.049036 2.242814
v 1.247847 0.049036 2.291536
v 1.332972 0.049554 2.241645
v 1.246418 0.049554 2.291617
v 1.333965 0.051709 2.237979
v 1.242545 0.051709 2.290760
v 0.521285 0.067951 2.249565
v 0.517489 0.065742 2.252445
v 0.394695 0.065742 2.181550
v 0.395571 0.067951 2.176984
v 0.395745 0.070867 2.172514
v 0.525320 0.070867 2.247324
v 1.328066 0.067951 2.191758
v 1.328956 0.065742 2.196316
v 1.206088 0.065742 2.267254
v 1.202255 0.067951 2.264395
v 1.327879 0.070867 2.187296
v 1.198185 0.070867 2.262175
v 0.395017 0.078670 2.162464
v 0.395576 0.081085 2.158115
v 0.534921 0.078670 2.243238
v 0.538671 0.081085 2.240731
v 0.397372 0.082086 2.153834
v 0.541779 0.082086 2.237208
v 1.328589 0.078670 2.177256
v 1.328026 0.081085 2.172910
v 1.188508 0.078670 2.258132
v 1.184725 0.081085 2.255644
v 1.326221 0.082086 2.168634
v 1.181582 0.082086 2.252142
v 0.394457 0.065446 2.182353
v 0.516860 0.065446 2.253023
v 0.455474 0.039564 2.266621
v 0.433049 0.036157 2.253674
v 0.410624 0.039564 2.240727
v 1.290780 0.036157 2.268337
v 1.313182 0.039564 2.255404
v 1.268379 0.039564 2.281271
v 1.206723 0.065446 2.267828
v 1.329196 0.065446 2.197118
v 0.418838 0.082086 2.119826
v 1.297583 0.082086 2.123517
v 1.221299 0.082086 2.031891
v 0.487965 0.082086 2.029639
v 1.138046 0.082086 1.957831
v 0.569325 0.082086 1.948127
v 0.656864 0.082086 1.895717
v 0.952495 0.082086 1.867267
v 1.048129 0.082086 1.902412
v 0.853260 0.082086 1.854118
v 0.753626 0.082086 1.863806
v 0.788275 0.082086 2.028183
v 0.665837 0.082086 2.086529
v 0.725228 0.082086 2.048974
v 0.605000 0.082086 2.149379
v 0.551208 0.082086 2.222144
v 0.912247 0.082086 2.030352
v 0.850335 0.082086 2.022147
v 1.162455 0.082086 2.222153
v 1.100989 0.082086 2.148325
v 0.974802 0.082086 2.053339
v 1.037999 0.082086 2.092291
vn -0.1032 0.8317 0.5456
vn -0.2126 0.4077 0.8880
vn 0.2126 0.4077 0.8880
vn 0.1032 0.8317 0.5456
vn -0.4209 0.8316 0.3622
vn -0.5241 0.8317 0.1835
vn -0.8754 0.4077 0.2598
vn -0.6627 0.4077 0.6282
vn -0.5241 0.8317 -0.1835
vn -0.4209 0.8316 -0.3622
vn -0.6627 0.4077 -0.6282
vn -0.8754 0.4077 -0.2599
vn -0.1032 0.8317 -0.5456
vn 0.1032 0.8317 -0.5456
vn 0.2126 0.4077 -0.8880
vn -0.2126 0.4077 -0.8880
vn 0.4209 0.8316 -0.3622
vn 0.5241 0.8317 -0.1835
vn 0.8754 0.4077 -0.2598
vn 0.6627 0.4077 -0.6282
vn 0.5241 0.8317 0.1835
vn 0.4209 0.8316 0.3622
vn 0.6627 0.4077 0.6282
vn 0.8754 0.4077 0.2599
vn -0.4024 0.8290 0.3884
vn -0.5376 0.8290 0.1543
vn -0.4018 0.9059 0.1339
vn -0.3168 0.9059 0.2810
vn -0.1352 0.8290 0.5427
vn -0.0850 0.9059 0.4149
vn 0.0850 0.9059 0.4149
vn 0.1352 0.8290 0.5427
vn -0.5376 0.8290 -0.1543
vn -0.4024 0.8290 -0.3884
vn -0.3168 0.9059 -0.2810
vn -0.4018 0.9059 -0.1339
vn -0.1352 0.8290 -0.5427
vn 0.1352 0.8290 -0.5427
vn 0.0850 0.9059 -0.4149
vn -0.0850 0.9059 -0.4149
vn 0.4024 0.8290 -0.3884
vn 0.5376 0.8290 -0.1543
vn 0.4018 0.9059 -0.1339
vn 0.3168 0.9059 -0.2810
vn 0.5376 0.8290 0.1543
vn 0.4024 0.8290 0.3884
vn 0.3168 0.9059 0.2810
vn 0.4018 0.9059 0.1339
vn -0.3650 0.8450 0.3908
vn -0.2121 0.9695 0.1225
vn -0.5210 0.8450 0.1206
vn -0.1560 0.8450 0.5115
vn 0.1560 0.8450 0.5115
vn -0.0000 0.9695 0.2449
vn -0.5210 0.8450 -0.1206
vn -0.2121 0.9695 -0.1225
vn -0.3650 0.8450 -0.3908
vn -0.1560 0.8450 -0.5115
vn -0.0000 0.9695 -0.2449
vn 0.1560 0.8450 -0.5115
vn 0.3650 0.8450 -0.3908
vn 0.2121 0.9695 -0.1225
vn 0.5210 0.8450 -0.1206
vn 0.5210 0.8450 0.1206
vn 0.2121 0.9695 0.1225
vn 0.3650 0.8450 0.3908
vn -0.4732 0.3227 0.8197
vn -0.3134 0.7792 0.5428
vn 0.2326 -0.0000 0.9726
vn -0.2326 -0.0000 0.9726
vn -0.9465 0.3227 -0.0000
vn -0.6268 0.7792 -0.0000
vn -0.4732 0.3227 -0.8197
vn -0.3134 0.7792 -0.5428
vn 0.4732 0.3227 -0.8197
vn 0.3134 0.7792 -0.5428
vn 0.9465 0.3227 -0.0000
vn 0.6268 0.7792 -0.0000
vn 0.4732 0.3227 0.8197
vn 0.3134 0.7792 0.5428
vn -0.9586 -0.0000 0.2849
vn -0.7260 -0.0000 0.6877
vn 0.7260 -0.0000 0.6877
vn 0.9586 -0.0000 0.2849
vn 0.9586 -0.0000 -0.2849
vn 0.7260 -0.0000 -0.6877
vn 0.2326 -0.0000 -0.9726
vn -0.2326 -0.0000 -0.9726
vn -0.7260 -0.0000 -0.6877
vn -0.9586 -0.0000 -0.2849
vn -0.2247 0.8934 0.3891
vn -0.2966 0.8051 0.5137
vn -0.4493 0.8934 -0.0000
vn -0.5932 0.8051 -0.0000
vn -0.2247 0.8934 -0.3891
vn -0.2966 0.8051 -0.5137
vn 0.2247 0.8934 -0.3891
vn 0.2966 0.8051 -0.5137
vn 0.4493 0.8934 -0.0000
vn 0.5932 0.8051 -0.0000
vn 0.2247 0.8934 0.3891
vn 0.2966 0.8051 0.5137
vn 0.2953 0.9514 0.0878
vn 0.2237 0.9514 0.2119
vn -0.0717 0.9514 0.2996
vn 0.0717 0.9514 0.2996
vn -0.0717 0.9514 -0.2997
vn 0.0717 0.9514 -0.2996
vn 0.2953 0.9514 -0.0878
vn 0.2237 0.9514 -0.2119
vn -0.2237 0.9514 0.2119
vn -0.2953 0.9514 0.0878
vn -0.2237 0.9514 -0.2119
vn -0.2953 0.9514 -0.0878
vn -0.2563 0.8586 0.4439
vn -0.1062 0.9772 0.1839
vn -0.5126 0.8586 -0.0000
vn -0.2123 0.9772 -0.0000
vn -0.2563 0.8586 -0.4439
vn -0.1062 0.9772 -0.1839
vn 0.2563 0.8586 -0.4439
vn 0.1062 0.9772 -0.1839
vn 0.5126 0.8586 -0.0000
vn 0.2123 0.9772 -0.0000
vn 0.2563 0.8586 0.4439
vn 0.1062 0.9772 0.1839
vn 0.4647 0.7683 -0.4402
vn 0.6136 0.7683 -0.1823
vn 0.4647 0.7683 0.4402
vn 0.6136 0.7683 0.1823
vn -0.6136 0.7683 -0.1823
vn -0.4647 0.7683 -0.4402
vn 0.1489 0.7683 -0.6225
vn -0.1489 0.7683 -0.6225
vn 0.1489 0.7683 0.6225
vn -0.1489 0.7683 0.6225
vn -0.6136 0.7683 0.1823
vn -0.4647 0.7683 0.4402
vn -0.1709 0.9398 0.2960
vn -0.5000 -0.0000 0.8660
vn 0.5000 -0.0000 0.8660
vn 0.1709 0.9398 0.2960
vn -1.0000 -0.0000 -0.0000
vn -0.3418 0.9398 -0.0000
vn -0.5000 -0.0000 -0.8660
vn -0.1709 0.9398 -0.2960
vn 0.5000 -0.0000 -0.8660
vn 0.1709 0.9398 -0.2960
vn 1.0000 -0.0000 -0.0000
vn 0.3418 0.9398 -0.0000
vn -0.3416 0.7302 0.5917
vn -0.6832 0.7302 -0.0000
vn 0.3416 0.7302 0.5917
vn -0.3416 0.7302 -0.5917
vn 0.3416 0.7302 -0.5917
vn 0.6832 0.7302 -0.0000
vn -0.0000 1.0000 -0.0000
vn -0.0000 -0.9239 -0.3827
vn -0.0000 -0.7934 -0.6088
vn -0.0000 -0.6088 -0.7934
vn -0.0000 -0.6088 0.7934
vn -0.0000 -0.7934 0.6088
vn -0.0000 -0.9239 0.3827
vn -0.0000 0.9914 0.1305
vn -0.0000 0.9239 0.3827
vn -0.0000 0.7934 0.6088
vn -0.0000 0.6088 0.7934
vn -0.0000 0.6088 -0.7934
vn -0.0000 0.7934 -0.6088
vn -0.0000 0.9239 -0.3827
vn -0.0000 0.9914 -0.1305
vn -0.0000 0.0131 -0.9999
vn -0.0000 0.7690 -0.6392
vn -0.0000 0.7927 0.6097
vn -0.0000 0.0168 0.9999
vn -0.0000 0.6943 0.7197
vn -0.0000 0.9959 0.0910
vn -0.0000 0.9918 -0.1277
vn -0.0000 0.6881 -0.7256
vn -1.0000 0.0028 -0.0000
vn 0.9995 0.0307 -0.0090
vn 0.9978 0.0642 -0.0188
vn 0.9434 0.3220 0.0794
vn 1.0000 0.0026 0.0006
vn -0.0000 -0.3827 -0.9239
vn -0.0000 0.9595 -0.2816
vn -0.0000 -0.3827 0.9239
vn -0.0000 0.9709 0.2393
vn -0.0000 0.3827 0.9239
vn -0.0000 0.3827 -0.9239
vn 0.6618 0.6085 0.4379
vn 0.6458 0.6084 0.4613
vn 0.5741 0.7083 0.4107
vn 0.5547 0.7467 0.3670
vn 0.5079 0.7931 0.3361
vn 0.4049 0.8672 0.2900
vn 0.3549 0.9049 0.2348
vn 0.2081 0.9667 0.1493
vn 0.1672 0.9797 0.1106
vn -0.0026 1.0000 -0.0018
vn -0.0048 1.0000 -0.0032
vn -0.2127 0.9651 -0.1530
vn -0.1727 0.9783 -0.1142
vn -0.4079 0.8645 -0.2938
vn -0.3570 0.9038 -0.2361
vn -0.5081 0.7931 -0.3359
vn -0.5751 0.7052 -0.4146
vn -0.5576 0.7438 -0.3686
vn -0.6434 0.6085 -0.4645
vn -0.6620 0.6084 -0.4376
vn 0.5430 0.7067 0.4535
vn 0.6114 0.6066 0.5082
vn 0.3826 0.8663 0.3211
vn 0.1962 0.9664 0.1658
vn -0.0027 1.0000 -0.0021
vn -0.2003 0.9648 -0.1707
vn -0.3828 0.8636 -0.3281
vn -0.5384 0.7039 -0.4633
vn -0.6011 0.6073 -0.5195
vn 0.5002 0.6114 0.6131
vn 0.4387 0.7161 0.5429
vn 0.3056 0.8731 0.3800
vn 0.1530 0.9695 0.1917
vn -0.0083 0.9999 -0.0094
vn -0.1677 0.9632 -0.2099
vn -0.3148 0.8622 -0.3968
vn -0.4406 0.7035 -0.5577
vn -0.4881 0.6115 -0.6228
vn 0.2869 0.7130 0.6398
vn 0.3240 0.6107 0.7225
vn 0.2013 0.8707 0.4488
vn 0.1022 0.9683 0.2280
vn -0.0034 1.0000 -0.0076
vn -0.1086 0.9641 -0.2421
vn -0.2064 0.8635 -0.4602
vn -0.2903 0.7047 -0.6474
vn -0.3240 0.6107 -0.7225
vn 0.1467 0.7138 0.6848
vn 0.1658 0.6111 0.7740
vn 0.1028 0.8712 0.4800
vn 0.0521 0.9685 0.2433
vn -0.0019 1.0000 -0.0089
vn -0.0557 0.9640 -0.2600
vn -0.1057 0.8634 -0.4934
vn -0.1486 0.7046 -0.6938
vn -0.1658 0.6111 -0.7740
vn -0.0091 0.7141 0.7000
vn -0.0103 0.6113 0.7914
vn -0.0064 0.8714 0.4904
vn -0.0032 0.9686 0.2485
vn 0.0001 1.0000 -0.0094
vn 0.0035 0.9640 -0.2660
vn 0.0066 0.8633 -0.5046
vn 0.0092 0.7046 -0.7095
vn 0.0103 0.6113 -0.7914
vn -0.1645 0.7138 0.6808
vn -0.1859 0.6111 0.7694
vn -0.1153 0.8712 0.4772
vn -0.0584 0.9685 0.2419
vn 0.0021 1.0000 -0.0088
vn 0.0624 0.9640 -0.2584
vn 0.1185 0.8634 -0.4905
vn 0.1666 0.7046 -0.6897
vn 0.1859 0.6111 -0.7694
vn -0.3035 0.7130 0.6321
vn -0.3427 0.6107 0.7138
vn -0.2129 0.8707 0.4434
vn -0.1081 0.9683 0.2252
vn 0.0036 1.0000 -0.0075
vn 0.1149 0.9641 -0.2392
vn 0.2183 0.8635 -0.4547
vn 0.3071 0.7047 -0.6396
vn 0.3427 0.6107 -0.7138
vn -0.4170 0.7121 0.5648
vn -0.4705 0.6102 0.6374
vn -0.2929 0.8700 0.3967
vn -0.1491 0.9680 0.2020
vn 0.0043 1.0000 -0.0059
vn 0.1572 0.9643 -0.2129
vn 0.2994 0.8637 -0.4055
vn 0.4213 0.7048 -0.5707
vn 0.4705 0.6102 -0.6374
vn -0.5681 0.6099 0.5526
vn -0.5039 0.7112 0.4902
vn -0.3543 0.8693 0.3446
vn -0.1809 0.9676 0.1759
vn 0.0045 1.0000 -0.0044
vn 0.1892 0.9645 -0.1841
vn 0.3610 0.8639 -0.3512
vn 0.5084 0.7050 -0.4945
vn 0.5681 0.6098 -0.5526
vn -0.6396 0.6094 0.4685
vn -0.5678 0.7104 0.4158
vn -0.3997 0.8687 0.2926
vn -0.2045 0.9674 0.1497
vn 0.0043 1.0000 -0.0031
vn 0.2126 0.9647 -0.1555
vn 0.4063 0.8641 -0.2971
vn 0.5724 0.7051 -0.4186
vn 0.6399 0.6096 -0.4679
vn -0.6689 0.6085 0.4269
vn -0.5610 0.7464 0.3580
vn -0.5134 0.7932 0.3275
vn -0.3590 0.9048 0.2289
vn -0.1697 0.9795 0.1082
vn 0.0035 1.0000 -0.0022
vn 0.1738 0.9785 -0.1107
vn 0.3607 0.9040 -0.2296
vn 0.5137 0.7932 -0.3269
vn 0.5634 0.7444 -0.3585
vn 0.6694 0.6087 -0.4259
vn 0.2845 -0.3352 0.8982
vn -0.0351 -0.6563 0.7537
vn 0.3860 -0.8843 0.2627
vn 0.7452 -0.4342 0.5061
vn 0.2873 0.1394 0.9476
vn 0.8122 0.1893 0.5518
vn 0.1975 0.3628 0.9107
vn 0.7157 0.5008 0.4868
vn 0.6728 0.6086 0.4208
vn 0.6502 0.6418 0.4067
vn 0.0994 0.5144 0.8518
vn 0.6558 0.6082 0.4473
vn 0.5159 0.7934 0.3229
vn 0.4562 0.8428 0.2856
vn -0.0290 0.6317 0.7747
vn 0.3242 0.9239 0.2032
vn 0.2216 0.9652 0.1390
vn -0.1792 0.7067 0.6844
vn 0.0027 1.0000 0.0016
vn -0.3414 0.7343 0.5867
vn -0.2165 0.9667 -0.1363
vn -0.5047 0.7119 0.4883
vn -0.3238 0.9239 -0.2038
vn -0.4526 0.8448 -0.2853
vn -0.6580 0.6406 0.3958
vn -0.5149 0.7933 -0.3247
vn -0.6481 0.6425 -0.4089
vn -0.7906 0.5246 0.3156
vn -0.6712 0.6084 -0.4235
vn -0.6515 0.6085 -0.4531
vn -0.7113 0.4981 -0.4959
vn -0.8930 0.3717 0.2538
vn -0.9718 0.1413 0.1890
vn -0.8059 0.1856 -0.5623
vn -0.9198 -0.3533 0.1707
vn -0.7347 -0.4441 -0.5128
vn -0.6146 -0.6775 0.4041
vn -0.3601 -0.8986 -0.2508
vn -0.3732 -0.7435 0.5549
vn -0.0511 -0.9981 -0.0353
vn -0.0275 -0.6835 0.7294
vn 0.3656 -0.8953 0.2545
vn 0.1915 -0.4005 0.8961
vn 0.6877 -0.5465 0.4779
vn 0.1947 -0.3593 0.9127
vn 0.7121 -0.4980 0.4948
vn 0.0989 -0.5102 0.8543
vn 0.5828 -0.7049 0.4043
vn -0.0273 -0.6282 0.7776
vn 0.4136 -0.8642 0.2864
vn -0.1759 -0.7048 0.6872
vn 0.2160 -0.9649 0.1491
vn -0.3375 -0.7342 0.5892
vn 0.0030 -1.0000 0.0019
vn -0.5011 -0.7133 0.4900
vn -0.2108 -0.9667 -0.1451
vn -0.6552 -0.6429 0.3966
vn -0.4107 -0.8672 -0.2817
vn -0.7889 -0.5272 0.3158
vn -0.5826 -0.7082 -0.3987
vn -0.8922 -0.3740 0.2533
vn -0.7147 -0.5008 -0.4882
vn -0.8756 -0.4119 0.2524
vn -0.6923 -0.5453 -0.4727
vn -0.6104 -0.6973 0.3757
vn -0.3637 -0.8980 -0.2477
vn -0.2744 -0.7404 0.6135
vn 0.0764 -0.9957 0.0523
vn 0.3583 -0.8852 0.2969
vn 0.6908 -0.4372 0.5759
vn 0.7521 0.1891 0.6313
vn 0.6613 0.5010 0.5583
vn 0.6047 0.6078 0.5147
vn -0.5980 0.6084 -0.5218
vn -0.6521 0.4970 -0.5725
vn -0.7372 0.1847 -0.6499
vn -0.6712 -0.4425 -0.5947
vn -0.3291 -0.8976 -0.2931
vn -0.0465 -0.9979 -0.0444
vn 0.3336 -0.8971 0.2896
vn 0.6306 -0.5477 0.5499
vn 0.6540 -0.4968 0.5705
vn 0.5368 -0.7035 0.4657
vn 0.3831 -0.8630 0.3293
vn 0.2026 -0.9643 0.1708
vn 0.0071 -1.0000 0.0010
vn -0.1901 -0.9672 -0.1682
vn -0.3754 -0.8680 -0.3252
vn -0.5355 -0.7089 -0.4590
vn -0.6590 -0.5011 -0.5609
vn -0.6389 -0.5440 -0.5439
vn -0.3371 -0.8961 -0.2887
vn 0.0715 -0.9959 0.0557
vn 0.2865 -0.8901 0.3545
vn 0.5670 -0.4433 0.6943
vn 0.6204 0.1936 0.7600
vn 0.5446 0.5065 0.6685
vn 0.4979 0.6102 0.6163
vn -0.4888 0.6109 -0.6229
vn -0.5333 0.4981 -0.6838
vn -0.6038 0.1857 -0.7752
vn -0.5528 -0.4362 -0.7100
vn -0.2748 -0.8954 -0.3505
vn -0.0446 -0.9975 -0.0552
vn 0.2651 -0.9023 0.3400
vn 0.5146 -0.5521 0.6560
vn 0.5350 -0.4980 0.6824
vn 0.4386 -0.7043 0.5582
vn 0.3126 -0.8631 0.3967
vn 0.1652 -0.9639 0.2088
vn 0.0058 -1.0000 0.0074
vn -0.1553 -0.9686 -0.1943
vn -0.3073 -0.8712 -0.3828
vn -0.4395 -0.7138 -0.5452
vn -0.5421 -0.5065 -0.6706
vn -0.5284 -0.5419 -0.6536
vn -0.2877 -0.8906 -0.3522
vn 0.0497 -0.9967 0.0641
vn 0.1887 -0.8901 0.4149
vn 0.3774 -0.4461 0.8115
vn 0.4171 0.1921 0.8883
vn 0.3678 0.5065 0.7799
vn 0.3372 0.6113 0.7159
vn -0.3296 0.6110 -0.7198
vn -0.3612 0.4979 -0.7884
vn -0.4104 0.1848 -0.8930
vn -0.3768 -0.4394 -0.8154
vn -0.1883 -0.8964 -0.4012
vn -0.0324 -0.9976 -0.0614
vn 0.1775 -0.9021 0.3932
vn 0.3472 -0.5530 0.7574
vn 0.3617 -0.4979 0.7882
vn 0.2952 -0.7043 0.6456
vn 0.2090 -0.8630 0.4599
vn 0.1085 -0.9638 0.2435
vn 0.0004 -0.9999 0.0107
vn -0.1083 -0.9687 -0.2233
vn -0.2103 -0.8716 -0.4428
vn -0.2986 -0.7142 -0.6331
vn -0.3667 -0.5065 -0.7804
vn -0.3569 -0.5446 -0.7590
vn -0.1949 -0.8926 -0.4066
vn 0.0303 -0.9965 0.0773
vn 0.0942 -0.8896 0.4470
vn 0.1848 -0.4440 0.8768
vn 0.2024 0.1924 0.9602
vn 0.1779 0.5063 0.8438
vn 0.1633 0.6111 0.7745
vn -0.1633 0.6111 -0.7745
vn -0.1788 0.4983 -0.8484
vn -0.2027 0.1852 -0.9616
vn -0.1853 -0.4388 -0.8793
vn -0.0914 -0.8963 -0.4338
vn -0.0143 -0.9976 -0.0678
vn 0.0891 -0.9019 0.4227
vn 0.1719 -0.5526 0.8155
vn 0.1788 -0.4983 0.8484
vn 0.1464 -0.7046 0.6943
vn 0.1041 -0.8633 0.4938
vn 0.0548 -0.9640 0.2602
vn 0.0019 -1.0000 0.0090
vn -0.0513 -0.9686 -0.2435
vn -0.1012 -0.8713 -0.4803
vn -0.1444 -0.7138 -0.6853
vn -0.1779 -0.5063 -0.8438
vn -0.1730 -0.5443 -0.8209
vn -0.0929 -0.8928 -0.4407
vn 0.0172 -0.9965 0.0817
vn -0.0079 -0.8898 0.4563
vn -0.0156 -0.4445 0.8956
vn -0.0171 0.1926 0.9811
vn -0.0150 0.5065 0.8621
vn -0.0138 0.6113 0.7913
vn 0.0138 0.6113 -0.7913
vn 0.0151 0.4983 -0.8669
vn 0.0171 0.1852 -0.9825
vn 0.0156 -0.4385 -0.8986
vn 0.0077 -0.8962 -0.4435
vn 0.0012 -0.9976 -0.0697
vn -0.0075 -0.9022 0.4312
vn -0.0145 -0.5530 0.8331
vn -0.0151 -0.4983 0.8669
vn -0.0123 -0.7046 0.7095
vn -0.0088 -0.8633 0.5046
vn -0.0046 -0.9640 0.2660
vn -0.0002 -1.0000 0.0094
vn 0.0043 -0.9686 -0.2484
vn 0.0085 -0.8715 -0.4904
vn 0.0122 -0.7141 -0.6999
vn 0.0150 -0.5065 -0.8621
vn 0.0146 -0.5443 -0.8388
vn 0.0078 -0.8926 -0.4508
vn -0.0014 -0.9965 0.0830
vn -0.1095 -0.8895 0.4436
vn -0.2147 -0.4439 0.8700
vn -0.2351 0.1924 0.9527
vn -0.2066 0.5062 0.8373
vn -0.1897 0.6111 0.7685
vn 0.1897 0.6111 -0.7685
vn 0.2077 0.4983 -0.8418
vn 0.2355 0.1853 -0.9541
vn 0.2153 -0.4388 -0.8724
vn 0.1062 -0.8964 -0.4304
vn 0.0166 -0.9976 -0.0672
vn -0.1035 -0.9018 0.4196
vn -0.1997 -0.5526 0.8092
vn -0.2077 -0.4983 0.8418
vn -0.1700 -0.7046 0.6889
vn -0.1209 -0.8634 0.4899
vn -0.0637 -0.9640 0.2581
vn -0.0022 -1.0000 0.0088
vn 0.0596 -0.9685 -0.2416
vn 0.1176 -0.8712 -0.4766
vn 0.1678 -0.7138 -0.6800
vn 0.2066 -0.5062 -0.8373
vn 0.2010 -0.5443 -0.8145
vn 0.1079 -0.8929 -0.4372
vn -0.0200 -0.9965 0.0811
vn -0.2003 -0.8888 0.4122
vn -0.3919 -0.4425 0.8066
vn -0.4289 0.1919 0.8827
vn -0.3771 0.5055 0.7761
vn -0.3461 0.6107 0.7123
vn 0.3460 0.6107 -0.7123
vn 0.3789 0.4982 -0.7799
vn 0.4294 0.1853 -0.8839
vn 0.3925 -0.4397 -0.8079
vn 0.1934 -0.8967 -0.3981
vn 0.0298 -0.9977 -0.0613
vn -0.1898 -0.9008 0.3906
vn -0.3645 -0.5516 0.7502
vn -0.3789 -0.4982 0.7799
vn -0.3101 -0.7047 0.6382
vn -0.2204 -0.8635 0.4537
vn -0.1160 -0.9642 0.2387
vn -0.0036 -1.0000 0.0074
vn 0.1092 -0.9683 -0.2248
vn 0.2150 -0.8707 -0.4424
vn 0.3064 -0.7130 -0.6307
vn 0.3771 -0.5055 -0.7761
vn 0.3665 -0.5445 -0.7545
vn 0.1961 -0.8936 -0.4037
vn -0.0371 -0.9964 0.0763
vn -0.2746 -0.8879 0.3691
vn -0.5358 -0.4409 0.7201
vn -0.5859 0.1914 0.7874
vn -0.5154 0.5046 0.6927
vn -0.4729 0.6102 0.6356
vn 0.4729 0.6102 -0.6356
vn 0.5176 0.4983 -0.6956
vn 0.5866 0.1854 -0.7884
vn 0.5358 -0.4407 -0.7202
vn 0.2637 -0.8972 -0.3544
vn 0.0398 -0.9978 -0.0535
vn -0.2607 -0.8996 0.3504
vn -0.4983 -0.5505 0.6698
vn -0.5176 -0.4983 0.6956
vn -0.4235 -0.7048 0.5691
vn -0.3009 -0.8637 0.4044
vn -0.1580 -0.9643 0.2123
vn -0.0043 -1.0000 0.0058
vn 0.1499 -0.9679 -0.2015
vn 0.2944 -0.8699 -0.3956
vn 0.4191 -0.7121 -0.5633
vn 0.5154 -0.5046 -0.6927
vn 0.5006 -0.5447 -0.6728
vn 0.2668 -0.8946 -0.3586
vn -0.0516 -0.9963 0.0693
vn -0.3317 -0.8871 0.3211
vn -0.6456 -0.4392 0.6248
vn -0.7054 0.1909 0.6826
vn -0.6208 0.5037 0.6008
vn -0.5695 0.6098 0.5512
vn 0.5695 0.6098 -0.5512
vn 0.6230 0.4983 -0.6029
vn 0.7061 0.1855 -0.6834
vn 0.6446 -0.4418 -0.6239
vn 0.3167 -0.8976 -0.3065
vn 0.0469 -0.9979 -0.0454
vn -0.3157 -0.8984 0.3055
vn -0.6004 -0.5495 0.5810
vn -0.6230 -0.4983 0.6029
vn -0.5096 -0.7050 0.4932
vn -0.3619 -0.8639 0.3502
vn -0.1897 -0.9645 0.1835
vn -0.0044 -1.0000 0.0043
vn 0.1814 -0.9676 -0.1755
vn 0.3552 -0.8693 -0.3438
vn 0.5052 -0.7112 -0.4889
vn 0.6208 -0.5037 -0.6008
vn 0.6025 -0.5450 -0.5831
vn 0.3198 -0.8955 -0.3095
vn -0.0632 -0.9961 0.0612
vn -0.3740 -0.8862 0.2733
vn -0.7259 -0.4377 0.5305
vn -0.7926 0.1905 0.5793
vn -0.6979 0.5028 0.5100
vn -0.6402 0.6093 0.4678
vn 0.6407 0.6094 -0.4671
vn 0.7006 0.4983 -0.5108
vn 0.7940 0.1856 -0.5788
vn 0.7246 -0.4427 -0.5282
vn 0.3556 -0.8980 -0.2592
vn 0.0519 -0.9979 -0.0378
vn -0.3567 -0.8973 0.2601
vn -0.6756 -0.5485 0.4927
vn -0.7005 -0.4983 0.5109
vn -0.5730 -0.7050 0.4179
vn -0.4067 -0.8641 0.2966
vn -0.2128 -0.9647 0.1552
vn -0.0043 -1.0000 0.0031
vn 0.2047 -0.9673 -0.1495
vn 0.4001 -0.8686 -0.2922
vn 0.5684 -0.7103 -0.4152
vn 0.6980 -0.5029 -0.5099
vn 0.6769 -0.5452 -0.4945
vn 0.3580 -0.8964 -0.2615
vn -0.0722 -0.9960 0.0528
vn -0.2803 -0.3349 0.8996
vn 0.0372 -0.6555 0.7543
vn -0.2828 0.1391 0.9490
vn -0.1939 0.3617 0.9119
vn -0.6468 0.6414 0.4126
vn -0.6691 0.6083 0.4268
vn -0.0970 0.5129 0.8529
vn -0.5138 0.7929 0.3276
vn 0.0303 0.6305 0.7756
vn -0.4547 0.8421 0.2899
vn -0.3232 0.9237 0.2059
vn 0.1798 0.7062 0.6848
vn -0.2214 0.9649 0.1410
vn 0.3417 0.7343 0.5866
vn -0.0030 1.0000 0.0019
vn 0.5050 0.7122 0.4876
vn 0.2159 0.9667 -0.1373
vn 0.3233 0.9237 -0.2056
vn 0.6584 0.6409 0.3947
vn 0.4519 0.8446 -0.2871
vn 0.5143 0.7930 -0.3266
vn 0.7909 0.5249 0.3146
vn 0.6469 0.6425 -0.4107
vn 0.6700 0.6084 -0.4254
vn 0.8931 0.3721 0.2528
vn 0.9719 0.1414 0.1880
vn 0.9199 -0.3534 0.1699
vn 0.6145 -0.6778 0.4036
vn 0.3733 -0.7436 0.5547
vn 0.0283 -0.6835 0.7294
vn -0.1901 -0.4002 0.8965
vn -0.1931 -0.3588 0.9132
vn -0.0976 -0.5095 0.8549
vn 0.0281 -0.6275 0.7781
vn 0.1762 -0.7043 0.6877
vn 0.3372 -0.7342 0.5893
vn 0.5004 -0.7141 0.4895
vn 0.6546 -0.6444 0.3952
vn 0.7886 -0.5291 0.3132
vn 0.8924 -0.3758 0.2497
vn 0.8760 -0.4129 0.2492
vn 0.6109 -0.6980 0.3736
vn 0.2753 -0.7403 0.6133
vn -0.6618 0.6085 -0.4379
vn -0.6458 0.6084 -0.4613
vn -0.5741 0.7083 -0.4107
vn -0.5547 0.7467 -0.3670
vn -0.4049 0.8672 -0.2900
vn -0.3549 0.9049 -0.2348
vn -0.5079 0.7931 -0.3360
vn -0.2081 0.9667 -0.1493
vn -0.1672 0.9797 -0.1106
vn 0.0026 1.0000 0.0018
vn 0.0048 1.0000 0.0032
vn 0.2127 0.9651 0.1530
vn 0.1727 0.9783 0.1142
vn 0.4079 0.8645 0.2938
vn 0.3570 0.9038 0.2361
vn 0.5751 0.7052 0.4146
vn 0.5576 0.7438 0.3686
vn 0.5081 0.7931 0.3359
vn 0.6620 0.6084 0.4376
vn 0.6434 0.6085 0.4645
vn -0.6114 0.6066 -0.5082
vn -0.5430 0.7067 -0.4535
vn -0.3826 0.8663 -0.3211
vn -0.1962 0.9664 -0.1658
vn 0.0027 1.0000 0.0021
vn 0.2003 0.9648 0.1707
vn 0.3828 0.8636 0.3281
vn 0.5384 0.7039 0.4633
vn 0.6011 0.6073 0.5195
vn -0.4387 0.7161 -0.5429
vn -0.5002 0.6114 -0.6131
vn -0.3056 0.8731 -0.3800
vn -0.1530 0.9695 -0.1917
vn 0.0083 0.9999 0.0094
vn 0.1677 0.9632 0.2099
vn 0.3148 0.8622 0.3968
vn 0.4406 0.7035 0.5577
vn 0.4881 0.6115 0.6228
vn -0.2869 0.7130 -0.6398
vn -0.2013 0.8707 -0.4488
vn -0.1022 0.9683 -0.2280
vn 0.0034 1.0000 0.0076
vn 0.1086 0.9641 0.2421
vn 0.2064 0.8635 0.4602
vn 0.2903 0.7047 0.6474
vn -0.1467 0.7138 -0.6848
vn -0.1028 0.8712 -0.4800
vn -0.0521 0.9685 -0.2433
vn 0.0019 1.0000 0.0089
vn 0.0557 0.9640 0.2600
vn 0.1057 0.8634 0.4934
vn 0.1486 0.7046 0.6938
vn 0.0091 0.7141 -0.7000
vn 0.0064 0.8714 -0.4904
vn 0.0032 0.9686 -0.2485
vn -0.0001 1.0000 0.0094
vn -0.0035 0.9640 0.2660
vn -0.0066 0.8633 0.5046
vn -0.0092 0.7046 0.7095
vn 0.1645 0.7138 -0.6808
vn 0.1153 0.8712 -0.4772
vn 0.0584 0.9685 -0.2419
vn -0.0021 1.0000 0.0088
vn -0.0624 0.9640 0.2584
vn -0.1185 0.8634 0.4905
vn -0.1666 0.7046 0.6897
vn 0.3035 0.7130 -0.6321
vn 0.2129 0.8707 -0.4434
vn 0.1081 0.9683 -0.2252
vn -0.0036 1.0000 0.0075
vn -0.1149 0.9641 0.2392
vn -0.2183 0.8635 0.4547
vn -0.3071 0.7047 0.6396
vn 0.4170 0.7121 -0.5648
vn 0.2929 0.8700 -0.3967
vn 0.1491 0.9680 -0.2020
vn -0.0043 1.0000 0.0059
vn -0.1572 0.9643 0.2129
vn -0.2994 0.8637 0.4055
vn -0.4213 0.7048 0.5707
vn 0.5681 0.6099 -0.5526
vn 0.5039 0.7112 -0.4902
vn 0.3543 0.8693 -0.3446
vn 0.1809 0.9676 -0.1759
vn -0.0045 1.0000 0.0044
vn -0.1892 0.9645 0.1841
vn -0.3610 0.8639 0.3512
vn -0.5084 0.7050 0.4945
vn 0.6396 0.6094 -0.4685
vn 0.5678 0.7104 -0.4158
vn 0.3997 0.8687 -0.2926
vn 0.2045 0.9674 -0.1497
vn -0.0043 1.0000 0.0031
vn -0.2126 0.9647 0.1555
vn -0.4063 0.8641 0.2971
vn -0.5724 0.7051 0.4186
vn -0.6399 0.6096 0.4679
vn 0.6689 0.6085 -0.4269
vn 0.5610 0.7464 -0.3580
vn 0.5134 0.7932 -0.3275
vn 0.3590 0.9048 -0.2290
vn 0.1697 0.9795 -0.1082
vn -0.0035 1.0000 0.0022
vn -0.1738 0.9785 0.1107
vn -0.3607 0.9040 0.2296
vn -0.5137 0.7932 0.3269
vn -0.5634 0.7443 0.3585
vn -0.6694 0.6087 0.4259
vn -0.2845 -0.3352 -0.8982
vn 0.0351 -0.6563 -0.7537
vn -0.3860 -0.8843 -0.2627
vn -0.7452 -0.4342 -0.5061
vn -0.2873 0.1394 -0.9476
vn -0.8122 0.1893 -0.5518
vn -0.1975 0.3628 -0.9107
vn -0.7157 0.5007 -0.4868
vn -0.6728 0.6085 -0.4208
vn -0.6502 0.6417 -0.4067
vn -0.0994 0.5143 -0.8518
vn -0.6558 0.6081 -0.4473
vn -0.4563 0.8427 -0.2857
vn 0.0290 0.6316 -0.7747
vn -0.5160 0.7934 -0.3230
vn -0.2217 0.9652 -0.1390
vn 0.1792 0.7067 -0.6844
vn -0.3242 0.9239 -0.2033
vn -0.0027 1.0000 -0.0016
vn 0.3414 0.7343 -0.5868
vn 0.2166 0.9667 0.1363
vn 0.5047 0.7119 -0.4883
vn 0.3239 0.9239 0.2039
vn 0.4527 0.8448 0.2853
vn 0.6581 0.6406 -0.3958
vn 0.7907 0.5246 -0.3156
vn 0.5150 0.7933 0.3248
vn 0.6481 0.6425 0.4089
vn 0.6712 0.6084 0.4235
vn 0.6515 0.6085 0.4531
vn 0.7113 0.4981 0.4959
vn 0.8930 0.3717 -0.2538
vn 0.9718 0.1413 -0.1890
vn 0.8059 0.1856 0.5623
vn 0.9198 -0.3533 -0.1707
vn 0.7347 -0.4441 0.5128
vn 0.6146 -0.6775 -0.4041
vn 0.3601 -0.8986 0.2508
vn 0.3732 -0.7435 -0.5549
vn 0.0511 -0.9981 0.0353
vn 0.0275 -0.6835 -0.7294
vn -0.3656 -0.8953 -0.2545
vn -0.1915 -0.4005 -0.8961
vn -0.6877 -0.5465 -0.4779
vn -0.1947 -0.3593 -0.9127
vn -0.7121 -0.4980 -0.4948
vn -0.0989 -0.5102 -0.8543
vn -0.5828 -0.7049 -0.4043
vn 0.0273 -0.6282 -0.7776
vn -0.4136 -0.8642 -0.2864
vn 0.1759 -0.7048 -0.6872
vn -0.2160 -0.9649 -0.1491
vn 0.3375 -0.7342 -0.5892
vn -0.0030 -1.0000 -0.0019
vn 0.5011 -0.7133 -0.4900
vn 0.2108 -0.9667 0.1451
vn 0.6552 -0.6429 -0.3966
vn 0.4107 -0.8672 0.2817
vn 0.7889 -0.5272 -0.3158
vn 0.5826 -0.7082 0.3987
vn 0.8922 -0.3740 -0.2533
vn 0.7147 -0.5008 0.4882
vn 0.8756 -0.4119 -0.2524
vn 0.6923 -0.5453 0.4727
vn 0.6104 -0.6973 -0.3757
vn 0.3637 -0.8980 0.2477
vn 0.2744 -0.7404 -0.6135
vn -0.0764 -0.9957 -0.0523
vn -0.3583 -0.8852 -0.2969
vn -0.6908 -0.4372 -0.5759
vn -0.7521 0.1891 -0.6313
vn -0.6613 0.5010 -0.5583
vn -0.6047 0.6078 -0.5147
vn 0.6521 0.4970 0.5725
vn 0.5980 0.6084 0.5218
vn 0.7372 0.1847 0.6499
vn 0.6712 -0.4425 0.5947
vn 0.3291 -0.8976 0.2931
vn 0.0465 -0.9979 0.0444
vn -0.3336 -0.8971 -0.2896
vn -0.6306 -0.5477 -0.5499
vn -0.6540 -0.4968 -0.5705
vn -0.5368 -0.7035 -0.4657
vn -0.3831 -0.8630 -0.3293
vn -0.2026 -0.9643 -0.1708
vn -0.0071 -1.0000 -0.0010
vn 0.1901 -0.9672 0.1682
vn 0.3754 -0.8680 0.3252
vn 0.5355 -0.7089 0.4590
vn 0.6590 -0.5011 0.5609
vn 0.6389 -0.5440 0.5439
vn 0.3371 -0.8961 0.2887
vn -0.0715 -0.9959 -0.0557
vn -0.2865 -0.8901 -0.3545
vn -0.5670 -0.4433 -0.6943
vn -0.6204 0.1936 -0.7600
vn -0.5446 0.5065 -0.6685
vn -0.4979 0.6102 -0.6163
vn 0.4888 0.6109 0.6229
vn 0.5333 0.4981 0.6838
vn 0.6038 0.1857 0.7752
vn 0.5528 -0.4362 0.7100
vn 0.2748 -0.8954 0.3505
vn 0.0446 -0.9975 0.0552
vn -0.2651 -0.9023 -0.3400
vn -0.5146 -0.5521 -0.6560
vn -0.5350 -0.4980 -0.6824
vn -0.4386 -0.7043 -0.5582
vn -0.3126 -0.8631 -0.3967
vn -0.1652 -0.9639 -0.2088
vn -0.0058 -1.0000 -0.0074
vn 0.1553 -0.9686 0.1943
vn 0.3073 -0.8712 0.3828
vn 0.4395 -0.7138 0.5452
vn 0.5421 -0.5065 0.6706
vn 0.5284 -0.5419 0.6536
vn 0.2877 -0.8906 0.3522
vn -0.0497 -0.9967 -0.0641
vn -0.1887 -0.8901 -0.4149
vn -0.3774 -0.4461 -0.8115
vn -0.4171 0.1921 -0.8883
vn -0.3678 0.5065 -0.7799
vn -0.3372 0.6113 -0.7159
vn 0.3296 0.6110 0.7198
vn 0.3612 0.4979 0.7884
vn 0.4104 0.1848 0.8930
vn 0.3768 -0.4394 0.8154
vn 0.1883 -0.8964 0.4012
vn 0.0324 -0.9976 0.0613
vn -0.1775 -0.9021 -0.3932
vn -0.3472 -0.5530 -0.7574
vn -0.3617 -0.4979 -0.7882
vn -0.2952 -0.7043 -0.6456
vn -0.2090 -0.8630 -0.4599
vn -0.1085 -0.9638 -0.2435
vn -0.0004 -0.9999 -0.0107
vn 0.1083 -0.9687 0.2233
vn 0.2103 -0.8716 0.4428
vn 0.2986 -0.7142 0.6331
vn 0.3667 -0.5065 0.7804
vn 0.3569 -0.5446 0.7590
vn 0.1949 -0.8926 0.4066
vn -0.0303 -0.9965 -0.0773
vn -0.0942 -0.8896 -0.4470
vn -0.1848 -0.4440 -0.8768
vn -0.2024 0.1924 -0.9602
vn -0.1779 0.5063 -0.8438
vn 0.1788 0.4983 0.8484
vn 0.2027 0.1852 0.9616
vn 0.1853 -0.4388 0.8793
vn 0.0914 -0.8963 0.4338
vn 0.0143 -0.9976 0.0678
vn -0.0891 -0.9019 -0.4227
vn -0.1719 -0.5526 -0.8155
vn -0.1788 -0.4983 -0.8484
vn -0.1464 -0.7046 -0.6943
vn -0.1041 -0.8633 -0.4938
vn -0.0548 -0.9640 -0.2602
vn -0.0019 -1.0000 -0.0090
vn 0.0513 -0.9686 0.2435
vn 0.1012 -0.8713 0.4803
vn 0.1444 -0.7138 0.6853
vn 0.1779 -0.5063 0.8438
vn 0.1730 -0.5443 0.8209
vn 0.0929 -0.8928 0.4407
vn -0.0172 -0.9965 -0.0817
vn 0.0079 -0.8898 -0.4563
vn 0.0156 -0.4445 -0.8956
vn 0.0171 0.1926 -0.9811
vn 0.0150 0.5065 -0.8621
vn -0.0151 0.4983 0.8669
vn -0.0171 0.1852 0.9825
vn -0.0156 -0.4385 0.8986
vn -0.0077 -0.8962 0.4435
vn -0.0012 -0.9976 0.0697
vn 0.0075 -0.9022 -0.4312
vn 0.0145 -0.5530 -0.8331
vn 0.0151 -0.4983 -0.8669
vn 0.0123 -0.7046 -0.7095
vn 0.0088 -0.8633 -0.5046
vn 0.0046 -0.9640 -0.2660
vn 0.0002 -1.0000 -0.0094
vn -0.0043 -0.9686 0.2484
vn -0.0085 -0.8715 0.4904
vn -0.0122 -0.7141 0.6999
vn -0.0150 -0.5066 0.8621
vn -0.0146 -0.5443 0.8388
vn -0.0078 -0.8926 0.4508
vn 0.0014 -0.9965 -0.0830
vn 0.1095 -0.8895 -0.4436
vn 0.2147 -0.4439 -0.8700
vn 0.2351 0.1924 -0.9527
vn 0.2066 0.5062 -0.8373
vn -0.2077 0.4983 0.8418
vn -0.2355 0.1852 0.9541
vn -0.2153 -0.4388 0.8724
vn -0.1062 -0.8964 0.4304
vn -0.0166 -0.9976 0.0672
vn 0.1035 -0.9018 -0.4196
vn 0.1997 -0.5526 -0.8092
vn 0.2077 -0.4983 -0.8418
vn 0.1700 -0.7046 -0.6889
vn 0.1209 -0.8634 -0.4899
vn 0.0637 -0.9640 -0.2581
vn 0.0022 -1.0000 -0.0088
vn -0.0596 -0.9685 0.2416
vn -0.1176 -0.8712 0.4766
vn -0.1678 -0.7138 0.6800
vn -0.2066 -0.5062 0.8373
vn -0.2010 -0.5443 0.8145
vn -0.1079 -0.8929 0.4372
vn 0.0200 -0.9965 -0.0811
vn 0.2003 -0.8888 -0.4122
vn 0.3919 -0.4425 -0.8066
vn 0.4289 0.1919 -0.8827
vn 0.3771 0.5055 -0.7761
vn -0.3789 0.4982 0.7799
vn -0.3460 0.6107 0.7123
vn -0.4294 0.1853 0.8839
vn -0.3925 -0.4397 0.8079
vn -0.1934 -0.8967 0.3981
vn -0.0298 -0.9977 0.0613
vn 0.1898 -0.9008 -0.3906
vn 0.3645 -0.5516 -0.7502
vn 0.3789 -0.4982 -0.7799
vn 0.3101 -0.7047 -0.6382
vn 0.2204 -0.8635 -0.4537
vn 0.1160 -0.9642 -0.2387
vn 0.0036 -1.0000 -0.0074
vn -0.1092 -0.9683 0.2248
vn -0.2150 -0.8707 0.4424
vn -0.3064 -0.7130 0.6307
vn -0.3771 -0.5055 0.7761
vn -0.3665 -0.5445 0.7545
vn -0.1961 -0.8936 0.4037
vn 0.0371 -0.9964 -0.0763
vn 0.2746 -0.8879 -0.3691
vn 0.5358 -0.4409 -0.7201
vn 0.5859 0.1914 -0.7874
vn 0.5154 0.5046 -0.6927
vn -0.5176 0.4983 0.6956
vn -0.5866 0.1854 0.7884
vn -0.5358 -0.4407 0.7202
vn -0.2637 -0.8972 0.3544
vn -0.0398 -0.9978 0.0535
vn 0.2607 -0.8996 -0.3504
vn 0.4983 -0.5505 -0.6698
vn 0.5176 -0.4983 -0.6956
vn 0.4235 -0.7048 -0.5691
vn 0.3009 -0.8637 -0.4044
vn 0.1580 -0.9643 -0.2123
vn 0.0043 -1.0000 -0.0058
vn -0.1499 -0.9679 0.2015
vn -0.2944 -0.8699 0.3956
vn -0.4191 -0.7121 0.5633
vn -0.5154 -0.5046 0.6927
vn -0.5006 -0.5447 0.6728
vn -0.2668 -0.8946 0.3586
vn 0.0516 -0.9963 -0.0693
vn 0.3317 -0.8871 -0.3210
vn 0.6456 -0.4392 -0.6248
vn 0.7054 0.1909 -0.6826
vn 0.6208 0.5037 -0.6008
vn -0.6230 0.4983 0.6029
vn -0.7061 0.1855 0.6834
vn -0.6446 -0.4418 0.6239
vn -0.3167 -0.8976 0.3065
vn -0.0469 -0.9979 0.0454
vn 0.3157 -0.8984 -0.3055
vn 0.6004 -0.5495 -0.5810
vn 0.6230 -0.4983 -0.6029
vn 0.5096 -0.7050 -0.4932
vn 0.3619 -0.8639 -0.3502
vn 0.1897 -0.9645 -0.1835
vn 0.0044 -1.0000 -0.0043
vn -0.1814 -0.9676 0.1755
vn -0.3552 -0.8693 0.3438
vn -0.5052 -0.7112 0.4889
vn -0.6208 -0.5037 0.6008
vn -0.6025 -0.5450 0.5831
vn -0.3198 -0.8955 0.3095
vn 0.0632 -0.9961 -0.0612
vn 0.3740 -0.8862 -0.2733
vn 0.7259 -0.4377 -0.5305
vn 0.7926 0.1905 -0.5793
vn 0.6979 0.5028 -0.5100
vn 0.6402 0.6093 -0.4678
vn -0.6407 0.6094 0.4671
vn -0.7006 0.4983 0.5108
vn -0.7940 0.1856 0.5788
vn -0.7246 -0.4427 0.5282
vn -0.3556 -0.8980 0.2592
vn -0.0519 -0.9979 0.0378
vn 0.3567 -0.8973 -0.2601
vn 0.6756 -0.5485 -0.4926
vn 0.7005 -0.4983 -0.5109
vn 0.5730 -0.7050 -0.4179
vn 0.4067 -0.8641 -0.2966
vn 0.2128 -0.9647 -0.1552
vn 0.0043 -1.0000 -0.0031
vn -0.2047 -0.9673 0.1495
vn -0.4001 -0.8686 0.2922
vn -0.5684 -0.7103 0.4152
vn -0.6980 -0.5029 0.5099
vn -0.6769 -0.5452 0.4945
vn -0.3580 -0.8964 0.2615
vn 0.0722 -0.9960 -0.0528
vn 0.2803 -0.3349 -0.8996
vn -0.0372 -0.6555 -0.7543
vn 0.2828 0.1391 -0.9490
vn 0.1939 0.3617 -0.9119
vn 0.6691 0.6083 -0.4269
vn 0.0970 0.5129 -0.8530
vn 0.6468 0.6414 -0.4126
vn -0.0303 0.6305 -0.7756
vn 0.4547 0.8421 -0.2899
vn 0.5138 0.7929 -0.3276
vn -0.1798 0.7062 -0.6848
vn 0.2214 0.9649 -0.1410
vn 0.3232 0.9237 -0.2059
vn -0.3417 0.7343 -0.5866
vn 0.0030 1.0000 -0.0019
vn -0.5050 0.7122 -0.4876
vn -0.2159 0.9667 0.1373
vn -0.6584 0.6409 -0.3947
vn -0.4519 0.8446 0.2871
vn -0.3234 0.9237 0.2056
vn -0.7909 0.5249 -0.3146
vn -0.6469 0.6425 0.4107
vn -0.5143 0.7929 0.3266
vn -0.6700 0.6084 0.4254
vn -0.8931 0.3721 -0.2528
vn -0.9719 0.1414 -0.1880
vn -0.9199 -0.3534 -0.1699
vn -0.6145 -0.6778 -0.4036
vn -0.3733 -0.7436 -0.5547
vn -0.0283 -0.6835 -0.7294
vn 0.1901 -0.4002 -0.8965
vn 0.1931 -0.3588 -0.9132
vn 0.0976 -0.5095 -0.8549
vn -0.0281 -0.6275 -0.7781
vn -0.1762 -0.7043 -0.6877
vn -0.3372 -0.7342 -0.5893
vn -0.5004 -0.7141 -0.4895
vn -0.6546 -0.6444 -0.3952
vn -0.7886 -0.5292 -0.3132
vn -0.8924 -0.3758 -0.2497
vn -0.8760 -0.4129 -0.2492
vn -0.6109 -0.6980 -0.3736
vn -0.2753 -0.7403 -0.6133
vt 0.999044 1.000000
vt 0.998883 1.000000
vt 0.999861 0.997711
vt 1.000000 1.000000
vt 0.999167 0.975000
vt 1.000000 0.975000
vt 0.000833 0.975000
vt 0.001117 1.000000
vt 0.000139 1.000000
vt -0.000000 0.975000
vt 0.000956 1.000000
vt -0.000000 1.000000
vt 0.834290 1.000000
vt 0.833333 1.000000
vt 0.833333 0.998856
vt 0.834450 1.000000
vt 0.832377 1.000000
vt 0.832217 1.000000
vt 0.832500 0.975000
vt 0.833333 0.975000
vt 0.834167 0.975000
vt 0.667623 1.000000
vt 0.666667 1.000000
vt 0.666667 0.998856
vt 0.667783 1.000000
vt 0.665710 1.000000
vt 0.665550 1.000000
vt 0.665833 0.975000
vt 0.666667 0.975000
vt 0.667500 0.975000
vt 0.500956 1.000000
vt 0.500000 1.000000
vt 0.500000 0.998856
vt 0.501117 1.000000
vt 0.499044 1.000000
vt 0.498883 1.000000
vt 0.499167 0.975000
vt 0.500000 0.975000
vt 0.500833 0.975000
vt 0.334290 1.000000
vt 0.333333 1.000000
vt 0.333333 0.998856
vt 0.334450 1.000000
vt 0.332377 1.000000
vt 0.332217 1.000000
vt 0.332500 0.975000
vt 0.333333 0.975000
vt 0.334167 0.975000
vt 0.167623 1.000000
vt 0.166667 1.000000
vt 0.166667 0.998856
vt 0.167783 1.000000
vt 0.165710 1.000000
vt 0.165550 1.000000
vt 0.165833 0.975000
vt 0.166667 0.975000
vt 0.167500 0.975000
vt 0.834295 1.000000
vt 0.833333 1.000000
vt 0.834261 1.000000
vt 0.832372 1.000000
vt 0.832406 1.000000
vt 0.832358 1.000000
vt 0.834309 1.000000
vt 0.999039 1.000000
vt 0.999073 1.000000
vt 0.999935 1.000000
vt 0.999025 1.000000
vt 0.000975 1.000000
vt 0.000927 1.000000
vt 0.000065 1.000000
vt 0.000961 1.000000
vt 0.667628 1.000000
vt 0.667594 1.000000
vt 0.665705 1.000000
vt 0.665739 1.000000
vt 0.665691 1.000000
vt 0.667642 1.000000
vt 0.500961 1.000000
vt 0.500927 1.000000
vt 0.499038 1.000000
vt 0.499073 1.000000
vt 0.499025 1.000000
vt 0.500975 1.000000
vt 0.334295 1.000000
vt 0.334260 1.000000
vt 0.332372 1.000000
vt 0.332406 1.000000
vt 0.332358 1.000000
vt 0.334309 1.000000
vt 0.167628 1.000000
vt 0.166667 1.000000
vt 0.167594 1.000000
vt 0.165705 1.000000
vt 0.165739 1.000000
vt 0.165691 1.000000
vt 0.167642 1.000000
vt 0.834300 1.000000
vt 0.833891 1.000000
vt 0.833356 1.000000
vt 0.456551 0.369252
vt 0.457846 0.369196
vt 0.457846 0.369934
vt 0.457150 0.370402
vt 0.832367 1.000000
vt 0.832775 1.000000
vt 0.999034 1.000000
vt 0.999442 1.000000
vt 0.000966 1.000000
vt 0.000558 1.000000
vt 0.000046 1.000000
vt 0.250000 0.488505
vt 0.250696 0.489598
vt 0.250057 0.489967
vt 0.249304 0.489598
vt 0.667633 1.000000
vt 0.667225 1.000000
vt 0.666690 1.000000
vt 0.456551 0.130748
vt 0.457150 0.129598
vt 0.457789 0.129967
vt 0.457846 0.130804
vt 0.665700 1.000000
vt 0.666109 1.000000
vt 0.500966 1.000000
vt 0.500558 1.000000
vt 0.500023 1.000000
vt 0.250000 0.011496
vt 0.249304 0.010402
vt 0.249943 0.010033
vt 0.250696 0.010402
vt 0.499034 1.000000
vt 0.499442 1.000000
vt 0.334300 1.000000
vt 0.333891 1.000000
vt 0.333356 1.000000
vt 0.043449 0.130748
vt 0.042154 0.130804
vt 0.042154 0.130066
vt 0.042850 0.129598
vt 0.332367 1.000000
vt 0.332775 1.000000
vt 0.167633 1.000000
vt 0.167225 1.000000
vt 0.166690 1.000000
vt 0.043449 0.369252
vt 0.042850 0.370402
vt 0.042211 0.370033
vt 0.042154 0.369196
vt 0.165700 1.000000
vt 0.166108 1.000000
vt 0.908516 0.975000
vt 0.906901 1.000000
vt 0.921524 0.975000
vt 0.923158 1.000000
vt 0.923892 1.000000
vt 0.923377 1.000000
vt 0.906686 1.000000
vt 0.906189 1.000000
vt 0.000833 0.750000
vt -0.000000 0.750000
vt 1.000000 0.750000
vt 0.999167 0.750000
vt 0.748588 0.975788
vt 0.744196 0.975246
vt 0.742588 1.000000
vt 0.757412 1.000000
vt 0.755804 0.975246
vt 0.748827 0.975246
vt 0.741628 1.000000
vt 0.741538 1.000000
vt 0.758372 1.000000
vt 0.758462 1.000000
vt 0.590152 0.975000
vt 0.591766 1.000000
vt 0.577157 0.975000
vt 0.575524 1.000000
vt 0.575303 1.000000
vt 0.574777 1.000000
vt 0.591979 1.000000
vt 0.592468 1.000000
vt 0.423959 0.975000
vt 0.425592 1.000000
vt 0.410946 0.975000
vt 0.409329 1.000000
vt 0.409117 1.000000
vt 0.408630 1.000000
vt 0.425815 1.000000
vt 0.426341 1.000000
vt 0.243764 0.981898
vt 0.242588 1.000000
vt 0.257412 1.000000
vt 0.256236 0.981898
vt 0.241628 1.000000
vt 0.241538 1.000000
vt 0.258372 1.000000
vt 0.258462 1.000000
vt 0.086588 0.975000
vt 0.088202 1.000000
vt 0.073594 0.975000
vt 0.071961 1.000000
vt 0.071736 1.000000
vt 0.071195 1.000000
vt 0.088884 1.000000
vt 0.088411 1.000000
vt 0.832500 0.750000
vt 0.833333 0.750000
vt 0.834167 0.750000
vt 0.165833 0.750000
vt 0.166667 0.750000
vt 0.167500 0.750000
vt 0.332500 0.750000
vt 0.333333 0.750000
vt 0.334167 0.749986
vt 0.499167 0.747175
vt 0.500000 0.747164
vt 0.500833 0.747175
vt 0.665833 0.749986
vt 0.666667 0.750000
vt 0.667500 0.750000
vt 0.928045 1.000000
vt 0.927659 1.000000
vt 0.922882 1.000000
vt 0.922296 1.000000
vt 0.902432 1.000000
vt 0.902777 1.000000
vt 0.908226 1.000000
vt 0.907719 1.000000
vt 0.901999 1.000000
vt 0.907047 1.000000
vt 0.928517 1.000000
vt 0.923627 1.000000
vt 0.762454 1.000000
vt 0.762071 1.000000
vt 0.762576 1.000000
vt 0.737546 1.000000
vt 0.737424 1.000000
vt 0.737929 1.000000
vt 0.736971 1.000000
vt 0.763029 1.000000
vt 0.596128 1.000000
vt 0.595794 1.000000
vt 0.591288 1.000000
vt 0.590773 1.000000
vt 0.570494 1.000000
vt 0.570895 1.000000
vt 0.576716 1.000000
vt 0.576138 1.000000
vt 0.570008 1.000000
vt 0.575400 1.000000
vt 0.596552 1.000000
vt 0.591967 1.000000
vt 0.430624 1.000000
vt 0.430224 1.000000
vt 0.425389 1.000000
vt 0.424789 1.000000
vt 0.405332 1.000000
vt 0.405001 1.000000
vt 0.410721 1.000000
vt 0.410227 1.000000
vt 0.431107 1.000000
vt 0.426145 1.000000
vt 0.404579 1.000000
vt 0.409566 1.000000
vt 0.237546 1.000000
vt 0.237424 1.000000
vt 0.237929 1.000000
vt 0.262454 1.000000
vt 0.262071 1.000000
vt 0.262576 1.000000
vt 0.236971 1.000000
vt 0.263029 1.000000
vt 0.092041 1.000000
vt 0.092354 1.000000
vt 0.087516 1.000000
vt 0.087021 1.000000
vt 0.066722 1.000000
vt 0.067144 1.000000
vt 0.072965 1.000000
vt 0.072366 1.000000
vt 0.092762 1.000000
vt 0.088177 1.000000
vt 0.066219 1.000000
vt 0.071612 1.000000
vt 0.900458 1.000000
vt 0.900833 1.000000
vt 0.905699 1.000000
vt 0.905361 1.000000
vt 0.929763 1.000000
vt 0.930180 1.000000
vt 0.925544 1.000000
vt 0.925128 1.000000
vt 0.373620 0.417132
vt 0.374136 0.418330
vt 0.368023 0.421860
vt 0.367485 0.420675
vt 0.336214 0.438729
vt 0.337070 0.439730
vt 0.341969 0.435406
vt 0.342852 0.436392
vt 0.764236 1.000000
vt 0.764634 1.000000
vt 0.735366 1.000000
vt 0.735764 1.000000
vt 0.457846 0.271072
vt 0.456551 0.271271
vt 0.456551 0.228729
vt 0.457846 0.228928
vt 0.568299 1.000000
vt 0.568730 1.000000
vt 0.573915 1.000000
vt 0.573506 1.000000
vt 0.597699 1.000000
vt 0.598066 1.000000
vt 0.593676 1.000000
vt 0.593329 1.000000
vt 0.334309 0.060171
vt 0.335175 0.059176
vt 0.341668 0.062925
vt 0.340802 0.063920
vt 0.372296 0.080608
vt 0.371778 0.081804
vt 0.366302 0.078642
vt 0.366821 0.077447
vt 0.432811 1.000000
vt 0.432381 1.000000
vt 0.428100 1.000000
vt 0.427673 1.000000
vt 0.403440 1.000000
vt 0.403076 1.000000
vt 0.408245 1.000000
vt 0.407918 1.000000
vt 0.167067 0.059377
vt 0.166210 0.058376
vt 0.161219 0.062753
vt 0.160336 0.061768
vt 0.129129 0.079785
vt 0.129646 0.080982
vt 0.135166 0.076299
vt 0.135704 0.077484
vt 0.235366 1.000000
vt 0.235764 1.000000
vt 0.264236 1.000000
vt 0.264634 1.000000
vt 0.043449 0.271271
vt 0.042154 0.271072
vt 0.042154 0.228928
vt 0.043449 0.228729
vt 0.093869 1.000000
vt 0.094219 1.000000
vt 0.089830 1.000000
vt 0.089500 1.000000
vt 0.064454 1.000000
vt 0.064903 1.000000
vt 0.070087 1.000000
vt 0.069662 1.000000
vt 0.132501 0.422162
vt 0.133020 0.420966
vt 0.138495 0.424127
vt 0.137975 0.425322
vt 0.170486 0.442597
vt 0.169620 0.443593
vt 0.163127 0.439844
vt 0.163993 0.438848
vt 0.927603 1.000000
vt 0.902825 1.000000
vt 0.921357 1.000000
vt 0.918135 1.000000
vt 0.914955 1.000000
vt 0.911885 1.000000
vt 0.908996 1.000000
vt 0.919337 0.947821
vt 0.915021 0.930784
vt 0.910705 0.947821
vt 0.084402 0.947821
vt 0.080091 0.930784
vt 0.075780 0.947821
vt 0.067206 1.000000
vt 0.091998 1.000000
vt 0.086274 1.000000
vt 0.083441 1.000000
vt 0.080393 1.000000
vt 0.077199 1.000000
vt 0.073927 1.000000
vt 0.579344 0.947821
vt 0.587966 0.947821
vt 0.583655 0.930784
vt 0.570953 1.000000
vt 0.595748 1.000000
vt 0.589985 1.000000
vt 0.587066 1.000000
vt 0.583989 1.000000
vt 0.580823 1.000000
vt 0.577636 1.000000
vt 0.413135 0.947821
vt 0.421770 0.947821
vt 0.417452 0.930784
vt 0.405378 1.000000
vt 0.430166 1.000000
vt 0.423823 1.000000
vt 0.420544 1.000000
vt 0.417345 1.000000
vt 0.414294 1.000000
vt 0.411463 1.000000
vt 0.906404 1.000000
vt 0.924323 1.000000
vt 0.088810 1.000000
vt 0.070907 1.000000
vt 0.574709 1.000000
vt 0.592614 1.000000
vt 0.426851 1.000000
vt 0.408933 1.000000
vt 0.368060 0.408323
vt 0.350154 0.384962
vt 0.329079 0.363848
vt 0.306404 0.350272
vt 0.281339 0.342006
vt 0.255531 0.339497
vt 0.229826 0.342903
vt 0.205054 0.352006
vt 0.181763 0.366362
vt 0.160198 0.385545
vt 0.140438 0.409279
vt 0.362513 0.413153
vt 0.344061 0.389658
vt 0.325646 0.370176
vt 0.303050 0.357180
vt 0.279394 0.349310
vt 0.255151 0.346856
vt 0.230987 0.349940
vt 0.207559 0.358418
vt 0.185335 0.371983
vt 0.164571 0.390336
vt 0.145398 0.413276
vt 0.333772 0.434827
vt 0.175440 0.434829
vt 0.191362 0.415705
vt 0.207678 0.401191
vt 0.224048 0.391101
vt 0.240252 0.385147
vt 0.256289 0.383022
vt 0.272364 0.384585
vt 0.288695 0.389970
vt 0.304079 0.399698
vt 0.319838 0.415978
vt 0.169198 0.430694
vt 0.185728 0.410916
vt 0.202883 0.395753
vt 0.220362 0.385084
vt 0.237941 0.378722
vt 0.255537 0.376477
vt 0.273191 0.378264
vt 0.290946 0.384171
vt 0.308724 0.394396
vt 0.323451 0.410785
vt 0.339180 0.431191
vt 0.265251 0.116512
vt 0.249214 0.118638
vt 0.233139 0.117074
vt 0.216808 0.111689
vt 0.201423 0.101961
vt 0.185665 0.085681
vt 0.171731 0.066832
vt 0.330063 0.066830
vt 0.314141 0.085954
vt 0.297825 0.100468
vt 0.281455 0.110558
vt 0.336305 0.070965
vt 0.319775 0.090743
vt 0.302620 0.105906
vt 0.285141 0.116575
vt 0.267562 0.122937
vt 0.249966 0.125182
vt 0.232312 0.123395
vt 0.214557 0.117488
vt 0.196779 0.107263
vt 0.182052 0.090874
vt 0.166323 0.070468
vt 0.365065 0.092380
vt 0.137443 0.093336
vt 0.155349 0.116697
vt 0.176424 0.137811
vt 0.199099 0.151387
vt 0.224164 0.159653
vt 0.249972 0.162162
vt 0.275677 0.158756
vt 0.300449 0.149653
vt 0.323740 0.135297
vt 0.345305 0.116114
vt 0.142990 0.088506
vt 0.161442 0.112001
vt 0.179857 0.131483
vt 0.202453 0.144479
vt 0.226109 0.152349
vt 0.250351 0.154803
vt 0.274516 0.151719
vt 0.297944 0.143241
vt 0.320168 0.129676
vt 0.340932 0.111323
vt 0.360105 0.088383
vt 0.942888 1.000000
vt 0.916667 1.000000
vt 0.916667 0.998784
vt 0.926220 0.999607
vt 0.916667 0.501110
vt 0.916667 0.500000
vt 0.938409 0.500000
vt 0.926220 0.500288
vt 0.915664 0.998647
vt 0.875000 1.000000
vt 0.875000 0.986659
vt 0.878870 0.987506
vt 0.878870 0.512388
vt 0.875000 0.513236
vt 0.875000 0.500000
vt 0.915664 0.501247
vt 0.851961 0.982687
vt 0.867659 0.985095
vt 0.873526 0.986238
vt 0.833333 1.000000
vt 0.833333 0.500000
vt 0.873525 0.513656
vt 0.867659 0.514799
vt 0.851961 0.517207
vt 0.847102 0.518376
vt 0.845089 0.519705
vt 0.845089 0.980189
vt 0.847102 0.981519
vt 0.148039 0.517207
vt 0.132341 0.514799
vt 0.126474 0.513656
vt 0.125000 0.513236
vt 0.125000 0.500000
vt 0.166666 0.500000
vt 0.166666 1.000000
vt 0.125000 1.000000
vt 0.125000 0.986659
vt 0.126474 0.986238
vt 0.132341 0.985095
vt 0.148038 0.982687
vt 0.152898 0.981519
vt 0.154911 0.980189
vt 0.154911 0.519705
vt 0.152898 0.518376
vt 0.084336 0.501247
vt 0.083333 0.501110
vt 0.083333 0.500000
vt 0.121130 0.512388
vt 0.121130 0.987506
vt 0.083333 1.000000
vt 0.083333 0.998784
vt 0.084336 0.998647
vt 0.061591 0.500000
vt 0.073780 0.500288
vt 0.057112 1.000000
vt 0.073780 0.999607
vt 0.958333 0.617126
vt 0.958333 0.882782
vt 1.000000 0.882782
vt 1.000000 0.617126
vt 0.916667 0.617126
vt 0.916667 0.882782
vt 0.875000 0.617126
vt 0.875000 0.882782
vt 0.833333 0.882782
vt 0.833333 0.617126
vt 0.125000 0.617126
vt 0.125000 0.882782
vt 0.166666 0.882782
vt 0.166666 0.617126
vt 0.083333 0.617126
vt 0.083333 0.882782
vt 0.041666 0.617126
vt 0.041666 0.882782
vt -0.000000 0.617127
vt -0.000000 0.882782
vt 0.803283 0.500000
vt 0.803284 1.000000
vt 0.791667 0.999606
vt 0.791667 0.500394
vt 0.978077 0.311056
vt 0.489317 0.328477
vt 0.567623 0.467759
vt 0.964137 0.307804
vt 0.533857 0.308514
vt 0.063653 0.444324
vt 0.025183 0.326572
vt 0.521848 0.311179
vt 0.208333 0.500394
vt 0.208333 0.999606
vt 0.196684 1.000000
vt 0.196684 0.500000
vt 0.807993 0.882782
vt 0.807993 0.617126
vt 0.791667 0.617336
vt 0.784307 0.868942
vt 0.923656 0.295209
vt 0.936768 0.300097
vt 0.707559 0.725555
vt 0.165234 0.748991
vt 0.572811 0.299386
vt 0.587962 0.295045
vt 0.204768 0.871557
vt 0.208333 0.617336
vt 0.191961 0.617126
vt 0.191961 0.882782
vt 0.025185 0.326581
vt 0.063653 0.444322
vt 0.165233 0.748990
vt 0.204768 0.871556
vt 0.999999 0.882782
vt 0.707560 0.725556
vt 0.567623 0.467759
vt 0.426890 0.979926
vt 0.387221 0.979740
vt 0.914092 0.310338
vt 0.975137 0.328255
vt 0.524881 0.328300
vt 0.597569 0.310383
vt 0.903716 0.335387
vt 0.876577 0.370756
vt 0.841208 0.397895
vt 0.800021 0.414955
vt 0.755821 0.420774
vt 0.711621 0.414956
vt 0.670434 0.397895
vt 0.635065 0.370756
vt 0.607926 0.335387
vt 0.542154 0.370000
vt 0.580294 0.419706
vt 0.630000 0.457846
vt 0.660204 0.470357
vt 0.839796 0.470357
vt 0.870000 0.457846
vt 0.919706 0.419706
vt 0.957846 0.370000
vt 0.056441 0.309395
vt 0.083333 0.309396
vt 0.083333 0.333333
vt 0.045451 0.333333
vt 0.049743 0.319054
vt 0.052914 0.312224
vt 0.043044 0.343474
vt 0.083333 0.375000
vt 0.029309 0.375000
vt 0.036483 0.362357
vt 0.039888 0.354217
vt 0.029308 0.375000
vt 0.083333 0.416667
vt 0.014464 0.416667
vt 0.083333 0.458333
vt 0.009281 0.458333
vt 0.083333 0.500000
vt 0.013584 0.500000
vt 0.083333 0.541667
vt 0.026587 0.541667
vt 0.032861 0.554306
vt 0.026587 0.541667
vt 0.083333 0.583333
vt 0.040063 0.583333
vt 0.038244 0.573190
vt 0.035730 0.562444
vt 0.083333 0.607270
vt 0.049177 0.607269
vt 0.046129 0.604440
vt 0.043508 0.597611
vt 0.166667 0.333333
vt 0.166667 0.309396
vt 0.166667 0.375000
vt 0.166667 0.416667
vt 0.166667 0.458333
vt 0.166667 0.500000
vt 0.166667 0.541667
vt 0.166667 0.583333
vt 0.166667 0.607270
vt 0.250000 0.309396
vt 0.250000 0.333333
vt 0.250000 0.375000
vt 0.250000 0.416667
vt 0.250000 0.458333
vt 0.250000 0.500000
vt 0.250000 0.541667
vt 0.250000 0.583333
vt 0.250000 0.607270
vt 0.333333 0.333333
vt 0.333333 0.309396
vt 0.333333 0.375000
vt 0.333333 0.416667
vt 0.333333 0.458333
vt 0.333333 0.500000
vt 0.333333 0.541667
vt 0.333333 0.583333
vt 0.333333 0.607270
vt 0.416667 0.333333
vt 0.416667 0.309396
vt 0.416667 0.375000
vt 0.416667 0.416667
vt 0.416667 0.458333
vt 0.416667 0.500000
vt 0.416667 0.541667
vt 0.416667 0.583333
vt 0.416667 0.607270
vt 0.500000 0.333333
vt 0.500000 0.309396
vt 0.500000 0.375000
vt 0.500000 0.416667
vt 0.500000 0.458333
vt 0.500000 0.500000
vt 0.500000 0.541667
vt 0.500000 0.583333
vt 0.500000 0.607270
vt 0.583333 0.333333
vt 0.583333 0.309396
vt 0.583333 0.375000
vt 0.583333 0.416667
vt 0.583333 0.458333
vt 0.583333 0.500000
vt 0.583333 0.541667
vt 0.583333 0.583333
vt 0.583333 0.607270
vt 0.666667 0.333333
vt 0.666667 0.309396
vt 0.666667 0.375000
vt 0.666667 0.416667
vt 0.666667 0.458333
vt 0.666667 0.500000
vt 0.666667 0.541667
vt 0.666667 0.583333
vt 0.666667 0.607270
vt 0.750000 0.333333
vt 0.750000 0.309396
vt 0.750000 0.375000
vt 0.750000 0.416667
vt 0.750000 0.458333
vt 0.750000 0.500000
vt 0.750000 0.541667
vt 0.750000 0.583333
vt 0.750000 0.607270
vt 0.833333 0.309396
vt 0.833333 0.333333
vt 0.833333 0.375000
vt 0.833333 0.416667
vt 0.833333 0.458333
vt 0.833333 0.500000
vt 0.833333 0.541667
vt 0.833333 0.583333
vt 0.833333 0.607270
vt 0.916667 0.309396
vt 0.916667 0.333333
vt 0.916667 0.375000
vt 0.916667 0.416667
vt 0.916667 0.458333
vt 0.916667 0.500000
vt 0.916667 0.541667
vt 0.916667 0.583333
vt 0.916667 0.607270
vt 0.940701 0.309400
vt 0.944175 0.312230
vt 0.947278 0.319061
vt 0.951457 0.333333
vt 0.960159 0.362366
vt 0.967181 0.375000
vt 0.953779 0.343480
vt 0.956838 0.354231
vt 0.981597 0.416667
vt 0.986455 0.458333
vt 0.981942 0.500000
vt 0.968849 0.541667
vt 0.957170 0.573197
vt 0.955323 0.583333
vt 0.962582 0.554314
vt 0.959707 0.562456
vt 0.946222 0.607275
vt 0.951865 0.597615
vt 0.949247 0.604446
vt 0.003992 1.000000
vt 0.003932 0.966667
vt 0.083333 0.966667
vt 0.083333 1.000000
vt 0.003993 0.033333
vt 0.003992 0.000000
vt 0.083333 0.000000
vt 0.083333 0.033333
vt 0.003888 0.066667
vt 0.083333 0.066667
vt 0.050546 0.078725
vt 0.043823 0.091279
vt 0.040697 0.095970
vt 0.037285 0.099523
vt 0.036658 0.100000
vt 0.003662 0.100000
vt 0.083333 0.073219
vt 0.057348 0.073224
vt 0.053766 0.074835
vt 0.007810 0.128817
vt 0.005770 0.133333
vt 0.003378 0.133333
vt 0.003661 0.100000
vt 0.004123 0.148530
vt 0.003940 0.166667
vt 0.003063 0.166667
vt 0.005770 0.133333
vt 0.005268 0.135063
vt 0.003597 0.200000
vt 0.002742 0.200000
vt 0.003063 0.166667
vt 0.003940 0.166667
vt 0.003271 0.233333
vt 0.002438 0.233333
vt 0.003597 0.200000
vt 0.003921 0.264939
vt 0.004329 0.266667
vt 0.002168 0.266667
vt 0.003113 0.251471
vt 0.006065 0.271187
vt 0.030510 0.300000
vt 0.001947 0.300000
vt 0.002168 0.266667
vt 0.004329 0.266667
vt 0.030510 0.300000
vt 0.031034 0.300477
vt 0.033835 0.304034
vt 0.036322 0.308729
vt 0.041468 0.321289
vt 0.043995 0.325175
vt 0.046931 0.326784
vt 0.083333 0.326781
vt 0.001782 0.333333
vt 0.001947 0.300000
vt 0.001709 0.366667
vt 0.001782 0.333333
vt 0.083333 0.366667
vt 0.001710 0.400000
vt 0.001709 0.366667
vt 0.083333 0.400000
vt 0.001752 0.433333
vt 0.001710 0.400000
vt 0.083333 0.433333
vt 0.001919 0.466667
vt 0.001752 0.433333
vt 0.083333 0.466667
vt 0.001980 0.500000
vt 0.001919 0.466667
vt 0.002023 0.533333
vt 0.001980 0.500000
vt 0.083333 0.533333
vt 0.002069 0.566667
vt 0.002023 0.533333
vt 0.083333 0.566667
vt 0.002191 0.600000
vt 0.083333 0.600000
vt 0.002355 0.633333
vt 0.002191 0.600000
vt 0.083333 0.633333
vt 0.002552 0.666667
vt 0.083333 0.666667
vt 0.002772 0.700000
vt 0.002552 0.666667
vt 0.083333 0.700000
vt 0.002999 0.733333
vt 0.002772 0.700000
vt 0.083333 0.733333
vt 0.003219 0.766667
vt 0.083333 0.766667
vt 0.003415 0.800000
vt 0.003219 0.766667
vt 0.083333 0.800000
vt 0.003569 0.833333
vt 0.083333 0.833333
vt 0.003629 0.866667
vt 0.003569 0.833333
vt 0.083333 0.866667
vt 0.003685 0.900000
vt 0.003629 0.866667
vt 0.083333 0.900000
vt 0.003766 0.933333
vt 0.003685 0.900000
vt 0.083333 0.933333
vt 0.166667 0.966667
vt 0.166667 1.000000
vt 0.166667 0.000000
vt 0.166667 0.033333
vt 0.166667 0.066667
vt 0.166667 0.073219
vt 0.166667 0.326781
vt 0.166667 0.366667
vt 0.166667 0.400000
vt 0.166667 0.433333
vt 0.166667 0.466667
vt 0.166667 0.533333
vt 0.166667 0.566667
vt 0.166667 0.600000
vt 0.166667 0.633333
vt 0.166667 0.666667
vt 0.166667 0.700000
vt 0.166667 0.733333
vt 0.166667 0.766667
vt 0.166667 0.800000
vt 0.166667 0.833333
vt 0.166667 0.866667
vt 0.166667 0.900000
vt 0.166667 0.933333
vt 0.250000 0.966667
vt 0.250000 1.000000
vt 0.250000 0.000000
vt 0.250000 0.033333
vt 0.250000 0.066667
vt 0.250000 0.072050
vt 0.250000 0.327950
vt 0.250000 0.366667
vt 0.250000 0.400000
vt 0.250000 0.433333
vt 0.250000 0.466667
vt 0.250000 0.533333
vt 0.250000 0.566667
vt 0.250000 0.600000
vt 0.250000 0.633333
vt 0.250000 0.666667
vt 0.250000 0.700000
vt 0.250000 0.733333
vt 0.250000 0.766667
vt 0.250000 0.800000
vt 0.250000 0.833333
vt 0.250000 0.866667
vt 0.250000 0.900000
vt 0.250000 0.933333
vt 0.333333 0.966667
vt 0.333333 1.000000
vt 0.333333 0.000000
vt 0.333333 0.033333
vt 0.333333 0.066667
vt 0.333333 0.073218
vt 0.333333 0.326781
vt 0.333333 0.366667
vt 0.333333 0.400000
vt 0.333333 0.433333
vt 0.333333 0.466667
vt 0.333333 0.533333
vt 0.333333 0.566667
vt 0.333333 0.600000
vt 0.333333 0.633333
vt 0.333333 0.666667
vt 0.333333 0.700000
vt 0.333333 0.733333
vt 0.333333 0.766667
vt 0.333333 0.800000
vt 0.333333 0.833333
vt 0.333333 0.866667
vt 0.333333 0.900000
vt 0.333333 0.933333
vt 0.416667 0.966667
vt 0.416667 1.000000
vt 0.416667 0.000000
vt 0.416667 0.033333
vt 0.416667 0.066667
vt 0.416667 0.073219
vt 0.416667 0.326782
vt 0.416667 0.366667
vt 0.416667 0.400000
vt 0.416667 0.433333
vt 0.416667 0.466667
vt 0.416667 0.533333
vt 0.416667 0.566667
vt 0.416667 0.600000
vt 0.416667 0.633333
vt 0.416667 0.666667
vt 0.416667 0.700000
vt 0.416667 0.733333
vt 0.416667 0.766667
vt 0.416667 0.800000
vt 0.416667 0.833333
vt 0.416667 0.866667
vt 0.416667 0.900000
vt 0.416667 0.933333
vt 0.500000 0.966667
vt 0.500000 1.000000
vt 0.500000 0.000000
vt 0.500000 0.033333
vt 0.500000 0.066667
vt 0.500000 0.073219
vt 0.500000 0.326782
vt 0.500000 0.366667
vt 0.500000 0.400000
vt 0.500000 0.433333
vt 0.500000 0.466667
vt 0.500000 0.533333
vt 0.500000 0.566667
vt 0.500000 0.600000
vt 0.500000 0.633333
vt 0.500000 0.666667
vt 0.500000 0.700000
vt 0.500000 0.733333
vt 0.500000 0.766667
vt 0.500000 0.800000
vt 0.500000 0.833333
vt 0.500000 0.866667
vt 0.500000 0.900000
vt 0.500000 0.933333
vt 0.583333 0.966667
vt 0.583333 1.000000
vt 0.583333 0.000000
vt 0.583333 0.033333
vt 0.583333 0.066667
vt 0.583333 0.073219
vt 0.583333 0.326782
vt 0.583333 0.366667
vt 0.583333 0.400000
vt 0.583333 0.433333
vt 0.583333 0.466667
vt 0.583333 0.533333
vt 0.583333 0.566667
vt 0.583333 0.600000
vt 0.583333 0.633333
vt 0.583333 0.666667
vt 0.583333 0.700000
vt 0.583333 0.733333
vt 0.583333 0.766667
vt 0.583333 0.800000
vt 0.583333 0.833333
vt 0.583333 0.866667
vt 0.583333 0.900000
vt 0.583333 0.933333
vt 0.666667 0.966667
vt 0.666667 1.000000
vt 0.666667 0.000000
vt 0.666667 0.033333
vt 0.666667 0.066667
vt 0.666667 0.073219
vt 0.666667 0.326781
vt 0.666667 0.366667
vt 0.666667 0.400000
vt 0.666667 0.433333
vt 0.666667 0.466667
vt 0.666667 0.533333
vt 0.666667 0.566667
vt 0.666667 0.600000
vt 0.666667 0.633333
vt 0.666667 0.666667
vt 0.666667 0.700000
vt 0.666667 0.733333
vt 0.666667 0.766667
vt 0.666667 0.800000
vt 0.666667 0.833333
vt 0.666667 0.866667
vt 0.666667 0.900000
vt 0.666667 0.933333
vt 0.750000 0.966667
vt 0.750000 1.000000
vt 0.750000 0.000000
vt 0.750000 0.033333
vt 0.750000 0.066667
vt 0.750000 0.073219
vt 0.750000 0.326782
vt 0.750000 0.366667
vt 0.750000 0.400000
vt 0.750000 0.433333
vt 0.750000 0.466667
vt 0.750000 0.533333
vt 0.750000 0.566667
vt 0.750000 0.600000
vt 0.750000 0.633333
vt 0.750000 0.666667
vt 0.750000 0.700000
vt 0.750000 0.733333
vt 0.750000 0.766667
vt 0.750000 0.800000
vt 0.750000 0.833333
vt 0.750000 0.866667
vt 0.750000 0.900000
vt 0.750000 0.933333
vt 0.833333 0.966667
vt 0.833333 0.000000
vt 0.833333 0.033333
vt 0.833333 0.066667
vt 0.833333 0.073219
vt 0.833333 0.326782
vt 0.833333 0.366667
vt 0.833333 0.400000
vt 0.833333 0.433333
vt 0.833333 0.466667
vt 0.833333 0.533333
vt 0.833333 0.566667
vt 0.833333 0.600000
vt 0.833333 0.633333
vt 0.833333 0.666667
vt 0.833333 0.700000
vt 0.833333 0.733333
vt 0.833333 0.766667
vt 0.833333 0.800000
vt 0.833333 0.833333
vt 0.833333 0.866667
vt 0.833333 0.900000
vt 0.833333 0.933333
vt 0.916667 0.966667
vt 0.916667 0.000000
vt 0.916667 0.033333
vt 0.916667 0.066667
vt 0.916667 0.073219
vt 0.916667 0.326781
vt 0.916667 0.366667
vt 0.916667 0.400000
vt 0.916667 0.433333
vt 0.916667 0.466667
vt 0.916667 0.533333
vt 0.916667 0.566667
vt 0.916667 0.600000
vt 0.916667 0.633333
vt 0.916667 0.666667
vt 0.916667 0.700000
vt 0.916667 0.733333
vt 0.916667 0.766667
vt 0.916667 0.800000
vt 0.916667 0.833333
vt 0.916667 0.866667
vt 0.916667 0.900000
vt 0.916667 0.933333
vt 0.997349 1.000000
vt 0.997319 0.966667
vt 0.997349 0.000000
vt 0.997350 0.033333
vt 0.997297 0.066667
vt 0.960469 0.100000
vt 0.959846 0.099523
vt 0.956463 0.095967
vt 0.953376 0.091272
vt 0.946756 0.078712
vt 0.943567 0.074826
vt 0.939998 0.073216
vt 0.997185 0.100000
vt 0.989031 0.128811
vt 0.997045 0.133333
vt 0.991024 0.133333
vt 0.991506 0.135062
vt 0.996889 0.166667
vt 0.992474 0.166667
vt 0.992501 0.148528
vt 0.996731 0.200000
vt 0.992431 0.200000
vt 0.996580 0.233333
vt 0.992390 0.233333
vt 0.992370 0.251470
vt 0.996446 0.266667
vt 0.991005 0.266667
vt 0.991431 0.264936
vt 0.989230 0.271186
vt 0.996337 0.300000
vt 0.964523 0.300000
vt 0.953422 0.321281
vt 0.958650 0.308723
vt 0.961169 0.304031
vt 0.963995 0.300477
vt 0.996255 0.333333
vt 0.947919 0.326780
vt 0.950869 0.325169
vt 0.996219 0.366667
vt 0.996220 0.400000
vt 0.996240 0.433333
vt 0.996323 0.466667
vt 0.996353 0.500000
vt 0.996374 0.533333
vt 0.996397 0.566667
vt 0.996458 0.600000
vt 0.996539 0.633333
vt 0.996637 0.666667
vt 0.996745 0.700000
vt 0.996858 0.733333
vt 0.996967 0.766667
vt 0.997063 0.800000
vt 0.997139 0.833333
vt 0.997169 0.866667
vt 0.997197 0.900000
vt 0.997237 0.933333
vt 0.061907 0.319054
vt 0.065104 0.312224
vt 0.068641 0.309396
vt 0.083333 0.309396
vt 0.057564 0.333333
vt 0.041230 0.375000
vt 0.048462 0.362358
vt 0.051906 0.354217
vt 0.055112 0.343473
vt 0.026170 0.416667
vt 0.026170 0.416667
vt 0.020764 0.458333
vt 0.024854 0.500000
vt 0.037663 0.541667
vt 0.050980 0.583333
vt 0.049199 0.573191
vt 0.046727 0.562444
vt 0.043890 0.554305
vt 0.056985 0.604440
vt 0.054384 0.597610
vt 0.083333 0.607270
vt 0.060025 0.607269
vt 0.166667 0.309396
vt 0.166667 0.607270
vt 0.250000 0.309396
vt 0.250000 0.607270
vt 0.333333 0.309396
vt 0.416667 0.607270
vt 0.500000 0.309396
vt 0.583333 0.309396
vt 0.583333 0.607270
vt 0.666667 0.309396
vt 0.666667 0.607270
vt 0.833333 0.309396
vt 0.916667 0.607270
vt 0.947957 0.312230
vt 0.951052 0.319060
vt 0.955215 0.333333
vt 0.944486 0.309400
vt 0.963876 0.362365
vt 0.970880 0.375000
vt 0.957523 0.343480
vt 0.960567 0.354230
vt 0.985230 0.416667
vt 0.990020 0.458333
vt 0.985441 0.500000
vt 0.972289 0.541667
vt 0.960572 0.573196
vt 0.958713 0.583333
vt 0.966007 0.554315
vt 0.963122 0.562456
vt 0.955242 0.597616
vt 0.952619 0.604447
vt 0.949591 0.607276
vt 0.056089 0.091278
vt 0.052933 0.095970
vt 0.049500 0.099523
vt 0.048870 0.100000
vt 0.083333 0.073219
vt 0.069737 0.073224
vt 0.066144 0.074835
vt 0.062897 0.078723
vt 0.017710 0.133333
vt 0.019782 0.128820
vt 0.015580 0.166667
vt 0.017195 0.135063
vt 0.015921 0.148536
vt 0.014929 0.200000
vt 0.015580 0.166667
vt 0.014312 0.233333
vt 0.014929 0.200000
vt 0.014715 0.264941
vt 0.015112 0.266667
vt 0.014013 0.251477
vt 0.015112 0.266667
vt 0.016823 0.271188
vt 0.041081 0.300000
vt 0.044388 0.304034
vt 0.046853 0.308730
vt 0.051938 0.321288
vt 0.054446 0.325174
vt 0.057374 0.326783
vt 0.083333 0.326782
vt 0.041603 0.300477
vt 0.166667 0.073219
vt 0.166667 0.326782
vt 0.250000 0.072050
vt 0.333333 0.073218
vt 0.333333 0.326781
vt 0.416667 0.073219
vt 0.500000 0.073219
vt 0.583333 0.073219
vt 0.666667 0.073219
vt 0.666667 0.326781
vt 0.833333 0.073219
vt 0.833333 0.326781
vt 0.916667 0.326781
vt 0.960306 0.095967
vt 0.957227 0.091272
vt 0.950634 0.078712
vt 0.947453 0.074826
vt 0.943887 0.073216
vt 0.964304 0.100000
vt 0.963681 0.099523
vt 0.994773 0.133333
vt 0.992791 0.128812
vt 0.996130 0.166667
vt 0.996205 0.148529
vt 0.995251 0.135062
vt 0.995991 0.200000
vt 0.995859 0.233333
vt 0.994394 0.266667
vt 0.994823 0.264937
vt 0.995796 0.251471
vt 0.967845 0.300000
vt 0.992610 0.271186
vt 0.964486 0.304031
vt 0.967317 0.300477
vt 0.951202 0.326780
vt 0.954154 0.325169
vt 0.956713 0.321280
vt 0.961960 0.308724
s 0
usemtl Material
f 3/1/1 11/2/1 15/3/1 34/4/1
f 7/5/2 16/6/2 15/3/2 11/2/2
f 9/7/3 21/8/3 15/9/3 16/10/3
f 10/11/4 34/12/4 15/9/4 21/8/4
f 36/13/5 66/14/5 74/15/5 92/16/5
f 48/17/6 81/18/6 74/15/6 66/14/6
f 56/19/7 85/20/7 74/15/7 81/18/7
f 60/21/8 92/16/8 74/15/8 85/20/8
f 97/22/9 115/23/9 116/24/9 137/25/9
f 106/26/10 126/27/10 116/24/10 115/23/10
f 109/28/11 131/29/11 116/24/11 126/27/11
f 113/30/12 137/25/12 116/24/12 131/29/12
f 157/31/13 190/32/13 199/33/13 223/34/13
f 166/35/14 216/36/14 199/33/14 190/32/14
f 172/37/15 219/38/15 199/33/15 216/36/15
f 182/39/16 223/34/16 199/33/16 219/38/16
f 225/40/17 254/41/17 274/42/17 306/43/17
f 231/44/18 278/45/18 274/42/18 254/41/18
f 237/46/19 283/47/19 274/42/19 278/45/19
f 245/48/20 306/43/20 274/42/20 283/47/20
f 331/49/21 355/50/21 366/51/21 388/52/21
f 341/53/22 379/54/22 366/51/22 355/50/22
f 344/55/23 386/56/23 366/51/23 379/54/23
f 347/57/24 388/52/24 366/51/24 386/56/24
f 522/58/25 557/14/25 559/59/25 583/60/25
f 524/61/26 566/62/26 559/59/26 557/14/26
f 529/63/27 579/14/27 559/59/27 566/62/27
f 546/64/28 583/60/28 559/59/28 579/14/28
f 589/65/29 606/66/29 610/67/29 624/4/29
f 595/68/30 614/4/30 610/67/30 606/66/30
f 598/69/31 621/70/31 610/71/31 614/12/31
f 602/72/32 624/12/32 610/71/32 621/70/32
f 629/73/33 647/23/33 656/23/33 676/74/33
f 632/75/34 665/76/34 656/23/34 647/23/34
f 634/77/35 671/23/35 656/23/35 665/76/35
f 638/78/36 676/74/36 656/23/36 671/23/36
f 683/79/37 712/32/37 718/32/37 721/80/37
f 690/81/38 719/82/38 718/32/38 712/32/38
f 702/83/39 720/32/39 718/32/39 719/82/39
f 711/84/40 721/80/40 718/32/40 720/32/40
f 722/85/41 731/41/41 732/41/41 738/86/41
f 725/87/42 734/88/42 732/41/42 731/41/42
f 726/89/43 737/41/43 732/41/43 734/88/43
f 728/90/44 738/86/44 732/41/44 737/41/44
f 741/91/45 749/92/45 752/50/45 763/93/45
f 743/94/46 754/95/46 752/50/46 749/92/46
f 745/96/47 758/92/47 752/50/47 754/95/47
f 747/97/48 763/93/48 752/50/48 758/92/48
f 767/98/49 773/99/49 774/100/49 777/59/49
f 770/101/50 775/102/50 774/103/50 773/104/50
f 772/105/51 777/59/51 774/100/51 775/106/51
f 779/107/52 785/4/52 788/4/52 792/108/52
f 782/109/53 790/110/53 788/111/53 785/12/53
f 784/112/54 792/113/54 788/114/54 790/115/54
f 793/116/55 799/117/55 801/118/55 807/23/55
f 795/119/56 804/120/56 801/121/56 799/122/56
f 797/123/57 807/23/57 801/118/57 804/124/57
f 809/125/58 821/126/58 823/127/58 827/32/58
f 813/128/59 825/129/59 823/130/59 821/131/59
f 817/132/60 827/32/60 823/127/60 825/133/60
f 829/134/61 835/135/61 836/136/61 841/41/61
f 830/137/62 839/138/62 836/139/62 835/140/62
f 833/141/63 841/41/63 836/136/63 839/142/63
f 843/143/64 848/144/64 851/145/64 855/50/64
f 844/146/65 853/147/65 851/148/65 848/149/65
f 846/150/66 855/50/66 851/145/66 853/151/66
f 60/21/67 1241/152/67 1244/153/67 92/16/67
f 1242/154/67 7/5/67 11/2/67 1243/155/67
f 1242/154/67 1243/155/67 1244/153/67 1241/152/67
f 11/2/68 3/1/68 1247/156/68 1245/157/68 1243/155/68
f 36/13/68 92/16/68 1244/153/68 1246/158/68 1248/159/68
f 1246/158/68 1244/153/68 1243/155/68 1245/157/68 1247/156/68 1248/159/68
f 443/160/69 9/7/69 16/10/69 466/161/69
f 466/162/70 16/6/70 7/5/70 462/163/70
f 858/164/71 856/165/71 871/166/71 137/25/71 113/30/71 56/19/71 81/18/71 874/167/71 867/168/71 863/169/71
f 877/170/72 879/171/72 97/22/72 137/25/72 871/166/72
f 882/172/72 874/167/72 81/18/72 48/17/72 875/173/72
f 1110/174/73 109/28/73 126/27/73 1112/175/73
f 223/34/73 182/39/73 1109/176/73 1111/177/73
f 1111/177/73 1109/176/73 1110/174/73 1112/175/73
f 1113/178/74 1115/179/74 157/31/74 223/34/74 1111/177/74
f 1114/180/74 1112/175/74 126/27/74 106/26/74 1116/181/74
f 1113/178/74 1111/177/74 1112/175/74 1114/180/74 1116/181/74 1115/179/74
f 1118/182/75 172/37/75 216/36/75 1120/183/75
f 306/43/75 245/48/75 1117/184/75 1119/185/75
f 1117/184/75 1118/182/75 1120/183/75 1119/185/75
f 1121/186/76 1123/187/76 225/40/76 306/43/76 1119/185/76
f 1122/188/76 1120/183/76 216/36/76 166/35/76 1124/189/76
f 1121/186/76 1119/185/76 1120/183/76 1122/188/76 1124/189/76 1123/187/76
f 886/190/77 890/191/77 388/52/77 347/57/77 237/46/77 278/45/77 887/192/77 883/193/77
f 891/194/78 897/195/78 331/49/78 388/52/78 890/191/78
f 894/196/78 887/192/78 278/45/78 231/44/78 896/197/78
f 1250/198/79 344/55/79 379/54/79 1251/199/79
f 9/7/79 1249/200/79 1252/201/79 21/8/79
f 1250/198/79 1251/199/79 1252/201/79 1249/200/79
f 10/11/80 21/8/80 1252/201/80 1254/202/80 1256/203/80
f 379/54/80 341/53/80 1255/204/80 1253/205/80 1251/199/80
f 1253/205/80 1255/204/80 1256/203/80 1254/202/80 1252/201/80 1251/199/80
f 56/19/81 404/206/81 432/207/81 85/20/81
f 85/20/82 432/207/82 396/208/82 60/21/82
f 344/55/83 471/209/83 475/210/83 386/56/83
f 386/56/84 475/210/84 469/211/84 347/57/84
f 237/46/85 490/212/85 492/213/85 283/47/85
f 283/47/86 492/213/86 485/214/86 245/48/86
f 172/37/87 500/215/87 503/216/87 219/38/87
f 219/38/88 503/216/88 497/217/88 182/39/88
f 109/28/89 514/218/89 515/219/89 131/29/89
f 131/29/90 515/219/90 509/220/90 113/30/90
f 595/68/91 606/66/91 1257/221/91 1258/222/91
f 1257/221/91 1183/223/91 1182/224/91 1258/222/91
f 1260/225/91 583/60/91 546/64/91 1259/226/91
f 1181/227/91 1184/228/91 1260/225/91 1259/226/91
f 1261/229/92 522/58/92 583/60/92 1260/225/92
f 1184/228/92 1186/230/92 1261/229/92 1260/225/92
f 606/66/92 589/65/92 1262/231/92 1257/221/92
f 1262/231/92 1185/232/92 1183/223/92 1257/221/92
f 901/233/93 899/234/93 529/63/93 566/62/93 903/235/93
f 909/236/93 906/237/93 676/74/93 638/78/93 907/238/93
f 911/239/94 629/73/94 676/74/94 906/237/94
f 903/235/94 566/62/94 524/61/94 914/240/94
f 665/76/95 1126/241/95 1125/242/95 634/77/95
f 1126/241/95 1010/243/95 1006/244/95 1125/242/95
f 1128/245/95 721/80/95 711/84/95 1127/246/95
f 1127/246/95 1004/247/95 1008/248/95 1128/245/95
f 1129/249/96 683/79/96 721/80/96 1128/245/96
f 1128/245/96 1008/248/96 1012/250/96 1129/249/96
f 632/75/96 1130/251/96 1126/241/96 665/76/96
f 1130/251/96 1014/252/96 1010/243/96 1126/241/96
f 702/83/97 719/82/97 1132/253/97 1131/254/97
f 1132/253/97 1022/255/97 1019/256/97 1131/254/97
f 738/86/97 728/90/97 1133/257/97 1134/258/97
f 1133/257/97 1016/259/97 1020/260/97 1134/258/97
f 719/82/98 690/81/98 1135/261/98 1132/253/98
f 1135/261/98 1026/262/98 1022/255/98 1132/253/98
f 722/85/98 738/86/98 1134/258/98 1136/263/98
f 1134/258/98 1020/260/98 1024/264/98 1136/263/98
f 921/265/99 916/266/99 763/93/99 747/97/99 926/267/99
f 932/268/99 928/269/99 726/89/99 734/88/99 930/270/99
f 935/271/100 741/91/100 763/93/100 916/266/100
f 930/270/100 734/88/100 725/87/100 936/272/100
f 1264/273/101 745/96/101 754/95/101 1263/274/101
f 1263/274/101 1189/275/101 1188/276/101 1264/273/101
f 1266/277/101 621/70/101 598/69/101 1265/278/101
f 1265/278/101 1187/279/101 1190/280/101 1266/277/101
f 754/95/102 743/94/102 1267/281/102 1263/274/102
f 1267/281/102 1191/282/102 1189/275/102 1263/274/102
f 1268/283/102 602/72/102 621/70/102 1266/277/102
f 1266/277/102 1190/280/102 1192/284/102 1268/283/102
f 331/49/103 747/97/103 758/92/103 355/50/103
f 355/50/104 758/92/104 745/96/104 341/53/104
f 595/68/105 3/1/105 34/4/105 614/4/105
f 614/12/106 34/12/106 10/11/106 598/69/106
f 157/31/107 711/84/107 720/32/107 190/32/107
f 190/32/108 720/32/108 702/83/108 166/35/108
f 726/89/109 231/44/109 254/41/109 737/41/109
f 737/41/110 254/41/110 225/40/110 728/90/110
f 36/13/111 546/64/111 579/14/111 66/14/111
f 66/14/112 579/14/112 529/63/112 48/17/112
f 634/77/113 106/26/113 115/23/113 671/23/113
f 671/23/114 115/23/114 97/22/114 638/78/114
f 1270/285/115 773/99/115 767/98/115 1269/286/115
f 1194/287/115 1196/288/115 1270/285/115 1269/286/115
f 1271/289/115 779/107/115 792/108/115 1272/290/115
f 1195/291/115 1193/292/115 1271/289/115 1272/290/115
f 1273/293/116 770/101/116 773/104/116 1270/294/116
f 1196/295/116 1198/296/116 1273/293/116 1270/294/116
f 792/113/116 784/112/116 1274/297/116 1272/298/116
f 1274/297/116 1197/299/116 1195/300/116 1272/298/116
f 938/301/117 772/105/117 775/106/117 941/302/117
f 943/303/117 799/117/117 793/116/117 945/304/117
f 941/305/118 775/102/118 770/101/118 946/306/118
f 948/307/118 795/119/118 799/122/118 943/308/118
f 1138/309/119 821/126/119 809/125/119 1137/310/119
f 1137/310/119 1028/311/119 1032/312/119 1138/309/119
f 1139/313/119 797/123/119 804/124/119 1140/314/119
f 1140/314/119 1034/315/119 1030/316/119 1139/313/119
f 1141/317/120 813/128/120 821/131/120 1138/318/120
f 1138/318/120 1032/319/120 1036/320/120 1141/317/120
f 1140/321/120 804/120/120 795/119/120 1142/322/120
f 1142/322/120 1039/323/120 1034/324/120 1140/321/120
f 817/132/121 825/133/121 1144/325/121 1143/326/121
f 1144/325/121 1045/327/121 1043/328/121 1143/326/121
f 835/135/121 829/134/121 1145/329/121 1146/330/121
f 1145/329/121 1041/331/121 1046/332/121 1146/330/121
f 825/129/122 813/128/122 1147/333/122 1144/334/122
f 1147/333/122 1048/335/122 1045/336/122 1144/334/122
f 830/137/122 835/140/122 1146/337/122 1148/338/122
f 1146/337/122 1046/339/122 1050/340/122 1148/338/122
f 951/341/123 848/144/123 843/143/123 952/342/123
f 955/343/123 833/141/123 839/142/123 957/344/123
f 959/345/124 844/146/124 848/149/124 951/346/124
f 957/347/124 839/138/124 830/137/124 961/348/124
f 1275/349/125 846/150/125 853/151/125 1276/350/125
f 1276/350/125 1201/351/125 1199/352/125 1275/349/125
f 1278/353/125 790/110/125 782/109/125 1277/354/125
f 1277/354/125 1200/355/125 1202/356/125 1278/353/125
f 1276/357/126 853/147/126 844/146/126 1279/358/126
f 1279/358/126 1203/359/126 1201/360/126 1276/357/126
f 1280/361/126 784/112/126 790/115/126 1278/362/126
f 1278/362/126 1202/363/126 1204/364/126 1280/361/126
f 722/85/127 829/134/127 841/41/127 731/41/127
f 731/41/128 841/41/128 833/141/128 725/87/128
f 846/150/129 743/94/129 749/92/129 855/50/129
f 855/50/130 749/92/130 741/91/130 843/143/130
f 629/73/131 793/116/131 807/23/131 647/23/131
f 647/23/132 807/23/132 797/123/132 632/75/132
f 817/132/133 690/81/133 712/32/133 827/32/133
f 827/32/134 712/32/134 683/79/134 809/125/134
f 602/72/135 782/109/135 785/12/135 624/12/135
f 624/4/136 785/4/136 779/107/136 589/65/136
f 772/105/137 524/61/137 557/14/137 777/59/137
f 777/59/138 557/14/138 522/58/138 767/98/138
f 3/1/139 595/68/139 1258/222/139 1282/365/139 1247/156/139
f 1281/366/139 1259/226/139 546/64/139 36/13/139 1248/159/139
f 1282/365/139 1258/222/139 1182/224/139 1208/367/139 1205/368/139 1206/369/139 1207/370/139 1209/371/139 1181/227/139 1259/226/139 1281/366/139 1248/159/139 1247/156/139
f 1241/152/140 60/21/140 396/208/140 462/163/140 7/5/140 1242/154/140 1283/372/140 1284/373/140 1285/374/140
f 1242/154/140 1241/152/140 1285/374/140 1284/373/140 1283/372/140
f 9/7/141 443/160/141 471/209/141 344/55/141 1250/198/141 1287/375/141 1286/376/141 1288/377/141 1249/200/141
f 1287/375/141 1250/198/141 1249/200/141 1288/377/141 1286/376/141
f 1289/378/142 1265/278/142 598/69/142 10/11/142 1256/203/142
f 1255/204/142 341/53/142 745/96/142 1264/273/142 1290/379/142
f 1290/379/142 1264/273/142 1188/276/142 1213/380/142 1210/381/142 1211/382/142 1212/383/142 1214/384/142 1187/279/142 1265/278/142 1289/378/142 1256/203/142 1255/204/142
f 509/220/143 404/206/143 56/19/143 113/30/143
f 907/238/144 638/78/144 97/22/144 879/171/144
f 875/173/144 48/17/144 529/63/144 899/234/144
f 1149/385/145 1109/176/145 182/39/145 497/217/145 514/218/145 109/28/145 1110/174/145 1151/386/145 1150/387/145
f 1151/386/145 1110/174/145 1109/176/145 1149/385/145 1150/387/145
f 1152/388/146 1127/246/146 711/84/146 157/31/146 1115/179/146
f 1153/389/146 1116/181/146 106/26/146 634/77/146 1125/242/146
f 1153/389/146 1125/242/146 1006/244/146 1061/390/146 1057/391/146 1053/392/146 1054/393/146 1059/394/146 1004/247/146 1127/246/146 1152/388/146 1115/179/146 1116/181/146
f 1154/395/147 1117/184/147 245/48/147 485/214/147 500/215/147 172/37/147 1118/182/147 1156/396/147 1155/397/147
f 1156/396/147 1118/182/147 1117/184/147 1154/395/147 1155/397/147
f 1157/398/148 1133/257/148 728/90/148 225/40/148 1123/187/148
f 1158/399/148 1124/189/148 166/35/148 702/83/148 1131/254/148
f 1158/399/148 1131/254/148 1019/256/148 1071/400/148 1067/401/148 1063/402/148 1065/403/148 1069/404/148 1016/259/148 1133/257/148 1157/398/148 1123/187/148 1124/189/148
f 469/211/149 490/212/149 237/46/149 347/57/149
f 926/267/150 747/97/150 331/49/150 897/195/150
f 896/197/150 231/44/150 726/89/150 928/269/150
f 1269/286/151 767/98/151 522/58/151 1261/229/151
f 1186/230/151 1216/405/151 1194/287/151 1269/286/151 1261/229/151
f 1262/231/151 589/65/151 779/107/151 1271/289/151
f 1193/292/151 1215/406/151 1185/232/151 1262/231/151 1271/289/151
f 945/304/152 793/116/152 629/73/152 911/239/152
f 914/240/152 524/61/152 772/105/152 938/301/152
f 1267/281/153 743/94/153 846/150/153 1275/349/153
f 1275/349/153 1199/352/153 1217/407/153 1191/282/153 1267/281/153
f 1277/354/153 782/109/153 602/72/153 1268/283/153
f 1192/284/153 1218/408/153 1200/355/153 1277/354/153 1268/283/153
f 809/125/154 683/79/154 1129/249/154 1137/310/154
f 1129/249/154 1012/250/154 1073/409/154 1028/311/154 1137/310/154
f 1130/251/154 632/75/154 797/123/154 1139/313/154
f 1130/251/154 1139/313/154 1030/316/154 1075/410/154 1014/252/154
f 1135/261/155 690/81/155 817/132/155 1143/326/155
f 1135/261/155 1143/326/155 1043/328/155 1079/411/155 1026/262/155
f 829/134/155 722/85/155 1136/263/155 1145/329/155
f 1136/263/155 1024/264/155 1076/412/155 1041/331/155 1145/329/155
f 952/342/156 843/143/156 741/91/156 935/271/156
f 936/272/156 725/87/156 833/141/156 955/343/156
f 1279/358/157 844/146/157 959/345/157 946/306/157 770/101/157 1273/293/157 1291/413/157 1294/414/157 1296/415/157 1297/416/157 1301/417/157 1300/418/157 1298/419/157 1299/420/157 1295/421/157 1293/422/157 1292/423/157
f 1198/296/157 1231/424/157 1232/425/157 1233/426/157 1239/427/157 1238/428/157 1240/429/157 1236/430/157 1237/431/157 1220/432/157 1221/433/157 1219/434/157 1203/359/157 1279/358/157 1292/423/157 1293/422/157 1295/421/157 1299/420/157 1298/419/157 1300/418/157 1301/417/157 1297/416/157 1296/415/157 1294/414/157 1291/413/157 1273/293/157
f 1306/435/157 1274/297/157 784/112/157 1280/361/157 1309/436/157 1310/437/157 1312/438/157 1311/439/157 1307/440/157 1308/441/157 1302/442/157 1304/443/157 1303/444/157 1305/445/157
f 1280/361/157 1204/364/157 1222/446/157 1226/447/157 1223/448/157 1225/449/157 1224/450/157 1229/451/157 1227/452/157 1230/453/157 1228/454/157 1235/455/157 1234/456/157 1197/299/157 1274/297/157 1306/435/157 1305/445/157 1303/444/157 1304/443/157 1302/442/157 1308/441/157 1307/440/157 1311/439/157 1312/438/157 1310/437/157 1309/436/157
f 1166/457/157 1165/458/157 1159/459/157 1164/460/157 1168/461/157 1161/462/157 1160/463/157 1147/333/157 813/128/157 1141/317/157 1162/464/157 1163/465/157 1169/466/157 1167/467/157
f 1162/464/157 1141/317/157 1036/320/157 1101/468/157 1097/469/157 1096/470/157 1098/471/157 1095/472/157 1093/473/157 1088/474/157 1090/475/157 1086/476/157 1094/477/157 1083/478/157 1048/335/157 1147/333/157 1160/463/157 1161/462/157 1168/461/157 1164/460/157 1159/459/157 1165/458/157 1166/457/157 1167/467/157 1169/466/157 1163/465/157
f 1171/479/157 1142/322/157 795/119/157 948/307/157 961/348/157 830/137/157 1148/338/157 1170/480/157 1173/481/157 1175/482/157 1176/483/157 1180/484/157 1177/485/157 1178/486/157 1179/487/157 1174/488/157 1172/489/157
f 1148/338/157 1050/340/157 1081/490/157 1084/491/157 1103/492/157 1105/493/157 1104/494/157 1108/495/157 1106/496/157 1107/497/157 1102/498/157 1100/499/157 1099/500/157 1039/323/157 1142/322/157 1171/479/157 1172/489/157 1174/488/157 1179/487/157 1178/486/157 1177/485/157 1180/484/157 1176/483/157 1175/482/157 1173/481/157 1170/480/157
s 1
f 1048/637/191 1083/638/192 280/639/193 1079/640/194 1043/641/191 1045/642/191
f 1026/643/195 1079/640/194 280/639/193 293/644/196 1071/645/197 1019/646/195 1022/647/195
f 1071/648/197 293/644/196 302/649/198 1067/650/199
f 1067/650/199 302/649/198 311/651/200 1063/652/201
f 1063/652/201 311/651/200 328/653/202 1065/654/203
f 1065/654/203 328/653/202 330/655/204 1069/656/205
f 1016/657/206 1069/658/205 330/655/204 338/659/207 1076/660/208 1024/661/206 1020/662/206
f 1081/663/209 1050/664/210 1046/665/210 1041/666/210 1076/660/208 338/659/207
f 407/667/211 280/639/193 1083/638/192 1094/668/212
f 412/669/213 293/644/196 280/639/193 407/667/211
f 426/670/214 302/649/198 293/644/196 412/669/213
f 438/671/215 311/651/200 302/649/198 426/670/214
f 448/672/216 328/653/202 311/651/200 438/671/215
f 455/673/217 330/655/204 328/653/202 448/672/216
f 461/674/218 338/659/207 330/655/204 455/673/217
f 1081/663/209 338/659/207 461/674/218 1084/675/219
f 1086/676/220 540/677/221 407/667/211 1094/668/212
f 543/678/222 412/669/213 407/667/211 540/677/221
f 552/679/223 426/670/214 412/669/213 543/678/222
f 565/680/224 438/671/215 426/670/214 552/679/223
f 571/681/225 448/672/216 438/671/215 565/680/224
f 576/682/226 455/673/217 448/672/216 571/681/225
f 585/683/227 461/674/218 455/673/217 576/682/226
f 461/674/218 585/683/227 1103/684/228 1084/675/219
f 672/685/229 540/677/221 1086/676/220 1090/686/230
f 687/687/231 543/678/222 540/677/221 672/685/229
f 693/688/232 552/679/223 543/678/222 687/687/231
f 697/689/233 565/680/224 552/679/223 693/688/232
f 704/690/234 571/681/225 565/680/224 697/689/233
f 576/682/226 571/681/225 704/690/234 714/691/235
f 585/683/227 576/682/226 714/691/235 716/692/236
f 585/683/227 716/692/236 1105/693/237 1103/684/228
f 750/694/238 672/685/229 1090/686/230 1088/695/239
f 756/696/240 687/687/231 672/685/229 750/694/238
f 693/688/232 687/687/231 756/696/240 760/697/241
f 697/689/233 693/688/232 760/697/241 764/698/242
f 704/690/234 697/689/233 764/698/242 768/699/243
f 714/691/235 704/690/234 768/699/243 769/700/244
f 716/692/236 714/691/235 769/700/244 771/701/245
f 716/692/236 771/701/245 1104/702/246 1105/693/237
f 805/703/247 750/694/238 1088/695/239 1093/704/248
f 756/696/240 750/694/238 805/703/247 811/705/249
f 760/697/241 756/696/240 811/705/249 815/706/250
f 764/698/242 760/697/241 815/706/250 820/707/251
f 768/699/243 764/698/242 820/707/251 822/708/252
f 769/700/244 768/699/243 822/708/252 824/709/253
f 771/701/245 769/700/244 824/709/253 826/710/254
f 771/701/245 826/710/254 1108/711/255 1104/702/246
f 861/712/256 805/703/247 1093/704/248 1095/713/257
f 811/705/249 805/703/247 861/712/256 865/714/258
f 815/706/250 811/705/249 865/714/258 869/715/259
f 820/707/251 815/706/250 869/715/259 873/716/260
f 822/708/252 820/707/251 873/716/260 876/717/261
f 824/709/253 822/708/252 876/717/261 878/718/262
f 826/710/254 824/709/253 878/718/262 880/719/263
f 1108/711/255 826/710/254 880/719/263 1106/720/264
f 918/721/265 861/712/256 1095/713/257 1098/722/266
f 865/714/258 861/712/256 918/721/265 919/723/267
f 869/715/259 865/714/258 919/723/267 924/724/268
f 873/716/260 869/715/259 924/724/268 927/725/269
f 876/717/261 873/716/260 927/725/269 929/726/270
f 878/718/262 876/717/261 929/726/270 931/727/271
f 880/719/263 878/718/262 931/727/271 933/728/272
f 1106/720/264 880/719/263 933/728/272 1107/729/273
f 962/730/274 918/721/265 1098/722/266 1096/731/275
f 919/723/267 918/721/265 962/730/274 965/732/276
f 924/724/268 919/723/267 965/732/276 967/733/277
f 927/725/269 924/724/268 967/733/277 969/734/278
f 929/726/270 927/725/269 969/734/278 971/735/279
f 931/727/271 929/726/270 971/735/279 973/736/280
f 933/728/272 931/727/271 973/736/280 975/737/281
f 1107/729/273 933/728/272 975/737/281 1102/738/282
f 1097/739/283 976/740/284 962/730/274 1096/731/275
f 965/732/276 962/730/274 976/740/284 979/741/285
f 967/733/277 965/732/276 979/741/285 980/742/286
f 969/734/278 967/733/277 980/742/286 982/743/287
f 971/735/279 969/734/278 982/743/287 984/744/288
f 973/736/280 971/735/279 984/744/288 986/745/289
f 975/737/281 973/736/280 986/745/289 988/746/290
f 1102/738/282 975/737/281 988/746/290 1100/747/291
f 1101/748/292 990/749/293 976/740/284 1097/739/283
f 979/741/285 976/740/284 990/749/293 992/750/294
f 980/742/286 979/741/285 992/750/294 994/751/295
f 982/743/287 980/742/286 994/751/295 996/752/296
f 984/744/288 982/743/287 996/752/296 999/753/297
f 986/745/289 984/744/288 999/753/297 1000/754/298
f 988/746/290 986/745/289 1000/754/298 1003/755/299
f 1100/747/291 988/746/290 1003/755/299 1099/756/300
f 1101/748/292 1036/757/301 1032/758/301 1028/759/301 1073/760/302 990/749/293
f 1004/761/303 1059/762/304 992/750/294 990/749/293 1073/760/302 1012/763/303 1008/764/303
f 994/751/295 992/750/294 1059/762/304 1054/765/305
f 996/752/296 994/751/295 1054/765/305 1053/766/306
f 999/753/297 996/752/296 1053/766/306 1057/767/307
f 1000/754/298 999/753/297 1057/767/307 1061/768/308
f 1014/769/309 1075/770/310 1003/755/299 1000/754/298 1061/768/308 1006/771/309 1010/772/309
f 1039/773/311 1099/756/300 1003/755/299 1075/770/310 1030/774/311 1034/775/311
f 1193/1173/673 1195/1174/673 1197/1175/673 1234/1176/674 142/639/675 1215/1177/676
f 1215/1177/676 142/639/675 145/644/677 1208/1178/678 1182/1179/679 1183/1180/679 1185/1181/679
f 1208/1178/678 145/644/677 149/649/680 1205/1182/681
f 1205/1183/681 149/649/680 155/651/682 1206/1184/683
f 1206/1184/683 155/651/682 159/653/684 1207/1185/685
f 1207/1185/685 159/653/684 163/655/686 1209/1186/687
f 163/655/686 164/659/688 1216/1187/689 1186/1188/690 1184/1189/690 1181/1190/690 1209/1186/687
f 1196/1191/691 1194/1192/691 1216/1187/689 164/659/688 1231/1193/692 1198/1194/691
f 1235/1195/693 197/667/694 142/639/675 1234/1176/674
f 197/667/694 201/669/695 145/644/677 142/639/675
f 201/669/695 203/670/696 149/649/680 145/644/677
f 203/670/696 207/671/697 155/651/682 149/649/680
f 207/671/697 214/672/698 159/653/684 155/651/682
f 214/672/698 218/673/699 163/655/686 159/653/684
f 218/673/699 220/674/700 164/659/688 163/655/686
f 164/659/688 220/674/700 1232/1196/701 1231/1193/692
f 253/677/702 197/667/694 1235/1195/693 1228/1197/703
f 253/677/702 257/678/704 201/669/695 197/667/694
f 257/678/704 260/679/705 203/670/696 201/669/695
f 260/679/705 263/680/706 207/671/697 203/670/696
f 263/680/706 269/681/707 214/672/698 207/671/697
f 269/681/707 271/682/708 218/673/699 214/672/698
f 271/682/708 273/683/709 220/674/700 218/673/699
f 1232/1196/701 220/674/700 273/683/709 1233/1198/710
f 307/685/711 253/677/702 1228/1197/703 1230/1199/237
f 307/685/711 310/687/712 257/678/704 253/677/702
f 310/687/712 316/688/713 260/679/705 257/678/704
f 316/688/713 320/689/714 263/680/706 260/679/705
f 320/689/714 323/690/715 269/681/707 263/680/706
f 323/690/715 326/691/716 271/682/708 269/681/707
f 326/691/716 327/692/717 273/683/709 271/682/708
f 273/683/709 327/692/717 1239/693/230 1233/1198/710
f 363/694/718 307/685/711 1230/1199/237 1227/695/246
f 363/694/718 364/696/719 310/687/712 307/685/711
f 364/696/719 368/697/720 316/688/713 310/687/712
f 320/689/714 316/688/713 368/697/720 372/698/721
f 323/690/715 320/689/714 372/698/721 378/699/722
f 326/691/716 323/690/715 378/699/722 380/700/723
f 327/692/717 326/691/716 380/700/723 382/701/724
f 327/692/717 382/701/724 1238/1200/239 1239/693/230
f 1229/1201/255 418/703/725 363/694/718 1227/695/246
f 418/703/725 421/705/726 364/696/719 363/694/718
f 368/697/720 364/696/719 421/705/726 423/706/727
f 372/698/721 368/697/720 423/706/727 429/707/728
f 378/699/722 372/698/721 429/707/728 431/708/729
f 380/700/723 378/699/722 431/708/729 433/709/730
f 382/701/724 380/700/723 433/709/730 435/710/731
f 382/701/724 435/710/731 1240/711/248 1238/1200/239
f 1224/1202/264 473/712/732 418/703/725 1229/1201/255
f 473/712/732 477/714/733 421/705/726 418/703/725
f 423/706/727 421/705/726 477/714/733 481/715/734
f 429/707/728 423/706/727 481/715/734 484/716/735
f 431/708/729 429/707/728 484/716/735 486/717/736
f 433/709/730 431/708/729 486/717/736 488/718/737
f 435/710/731 433/709/730 488/718/737 489/719/738
f 435/710/731 489/719/738 1236/1203/257 1240/711/248
f 1225/1204/273 527/721/739 473/712/732 1224/1202/264
f 527/721/739 532/723/740 477/714/733 473/712/732
f 532/723/740 534/724/741 481/715/734 477/714/733
f 534/724/741 538/725/742 484/716/735 481/715/734
f 486/717/736 484/716/735 538/725/742 539/726/743
f 488/718/737 486/717/736 539/726/743 541/727/744
f 489/719/738 488/718/737 541/727/744 545/728/745
f 489/719/738 545/728/745 1237/1205/266 1236/1203/257
f 1223/731/282 580/730/746 527/721/739 1225/1204/273
f 580/730/746 586/732/747 532/723/740 527/721/739
f 586/732/747 590/733/748 534/724/741 532/723/740
f 590/733/748 593/734/749 538/725/742 534/724/741
f 593/734/749 597/735/750 539/726/743 538/725/742
f 597/735/750 601/736/751 541/727/744 539/726/743
f 601/736/751 605/737/752 545/728/745 541/727/744
f 545/728/745 605/737/752 1220/738/275 1237/1205/266
f 1226/1206/753 643/740/754 580/730/746 1223/731/282
f 643/740/754 649/741/755 586/732/747 580/730/746
f 649/741/755 653/742/756 590/733/748 586/732/747
f 653/742/756 654/743/757 593/734/749 590/733/748
f 654/743/757 658/744/758 597/735/750 593/734/749
f 658/744/758 662/745/759 601/736/751 597/735/750
f 662/745/759 669/746/760 605/737/752 601/736/751
f 1220/738/275 605/737/752 669/746/760 1221/747/283
f 1222/748/761 705/749/762 643/740/754 1226/1206/753
f 705/749/762 707/750/763 649/741/755 643/740/754
f 707/750/763 709/751/764 653/742/756 649/741/755
f 709/751/764 710/752/765 654/743/757 653/742/756
f 710/752/765 713/753/766 658/744/758 654/743/757
f 713/753/766 715/754/767 662/745/759 658/744/758
f 715/754/767 717/755/768 669/746/760 662/745/759
f 1221/747/283 669/746/760 717/755/768 1219/1207/769
f 1202/1208/770 1200/1209/770 1218/1210/771 705/749/762 1222/748/761 1204/1211/770
f 1187/1212/772 1214/1213/773 707/750/763 705/749/762 1218/1210/771 1192/1214/772 1190/1215/772
f 709/751/764 707/750/763 1214/1213/773 1212/1216/774
f 710/752/765 709/751/764 1212/1216/774 1211/1217/775
f 713/753/766 710/752/765 1211/1217/775 1210/1218/776
f 715/754/767 713/753/766 1210/1218/776 1213/1219/777
f 1191/1220/778 1217/1221/779 717/755/768 715/754/767 1213/1219/777 1188/1222/778 1189/1223/778
f 1199/1224/780 1201/1225/780 1203/1226/780 1219/1207/769 717/755/768 1217/1221/779
s 0
usemtl 
f 856/501/158 13/502/158 877/503/158 871/504/158
f 894/505/158 12/506/158 883/507/158 887/508/158
f 879/509/159 877/503/159 13/502/159 24/510/159 909/511/159 907/512/159
f 928/513/159 932/514/159 19/515/159 12/506/159 894/505/159 896/516/159
f 945/517/160 911/518/160 906/519/160 909/511/160 24/510/160 43/520/160 28/521/160 19/515/160 932/514/160 930/522/160 936/523/160 955/524/160 957/525/160 961/526/160 948/527/160 943/528/160
f 952/529/161 935/530/161 916/531/161 921/532/161 62/533/161 46/534/161 52/535/161 64/536/161 901/537/161 903/538/161 914/539/161 938/540/161 941/541/161 946/542/161 959/543/161 951/544/161
f 897/545/162 891/546/162 70/547/162 62/533/162 921/532/162 926/548/162
f 899/549/162 901/537/162 64/536/162 79/550/162 882/551/162 875/552/162
f 886/553/163 70/547/163 891/546/163 890/554/163
f 882/551/163 79/550/163 867/555/163 874/556/163
f 171/557/164 147/558/164 111/559/164 150/560/164
f 169/561/165 133/562/165 147/558/165 171/557/165
f 184/563/166 119/564/166 133/562/166 169/561/166
f 123/565/167 119/564/167 184/563/167 177/566/167
f 192/567/168 101/568/168 93/569/168 209/570/168
f 222/571/169 114/572/169 101/568/169 192/567/169
f 224/573/170 107/574/170 114/572/170 222/571/170
f 150/575/171 111/576/171 107/574/171 224/573/171
f 228/577/172 248/578/172 267/579/172 232/580/172
f 232/581/173 267/582/173 240/583/173 227/584/173
f 275/585/174 322/586/174 343/587/174 295/588/174
f 295/589/175 343/590/175 337/591/175 288/592/175
f 350/593/176 416/594/176 436/595/176 356/596/176
f 356/596/177 436/597/177 401/598/177 349/599/177
f 370/600/178 452/601/178 465/602/178 392/603/178
f 392/603/179 465/604/179 458/605/179 381/606/179
f 337/591/180 343/607/180 322/608/180 370/609/180 392/610/180 381/606/180 93/569/180 101/568/180 114/572/180 107/574/180 111/611/180 147/558/180 133/562/180 119/564/180 123/565/180 350/593/180 356/596/180 349/612/180 240/613/180 267/579/180 248/578/180 43/520/180 24/510/180 13/502/180 856/501/180 858/614/180 863/615/180 867/555/180 79/550/180 64/536/180 52/535/180
f 416/616/181 228/617/181 232/581/181 436/597/181
f 436/597/182 232/581/182 227/584/182 401/598/182
f 452/601/183 275/585/183 295/588/183 465/602/183
f 465/602/184 295/588/184 288/618/184 458/619/184
f 228/617/149 416/616/149 177/620/149 184/621/149 169/622/149 171/623/149 150/624/149 224/625/149 222/626/149 192/627/149 209/628/149 458/619/149 288/618/149 46/629/149 62/630/149 70/631/149 886/632/149 883/633/149 12/634/149 19/635/149 28/636/149
f 28/521/185 43/520/185 248/578/185 228/577/185
f 227/584/186 240/613/186 349/599/186 401/598/186
f 288/592/187 337/591/187 52/535/187 46/534/187
f 275/585/188 452/601/188 370/600/188 322/586/188
f 350/593/189 123/565/189 177/566/189 416/594/189
f 209/570/190 93/569/190 381/606/190 458/605/190
s 1
f 974/776/312 977/777/313 90/778/314 1/779/315
f 978/780/316 974/781/312 1/782/315 6/783/317
f 981/784/318 978/780/316 6/783/317 8/785/319
f 1143/786/320 1135/787/320 1132/788/320 1131/789/320 1158/790/321 983/791/322 981/784/318 8/785/319 1160/792/323 1147/793/320 1144/794/320
f 1124/795/324 1122/796/325 985/797/326 983/798/322 1158/790/321
f 1118/799/327 1156/800/328 987/801/329 985/797/326 1122/802/325 1120/803/327
f 1155/804/330 989/805/331 987/806/329 1156/807/328
f 1154/808/332 991/809/333 989/805/331 1155/810/330
f 1119/811/334 1121/812/335 993/813/336 991/809/333 1154/808/332 1117/814/334
f 1123/815/337 1157/816/338 995/817/339 993/818/336 1121/819/335
f 1157/820/338 1133/821/340 1134/822/340 1136/823/340 1145/824/340 1146/825/340 1148/826/340 1170/827/341 23/639/342 997/828/343 995/829/339
f 998/830/344 997/831/343 23/639/342 26/832/345
f 1001/833/346 998/834/344 26/832/345 30/835/347
f 1002/836/348 1001/837/346 30/835/347 32/838/349
f 1005/839/350 1002/840/348 32/838/349 38/841/351
f 1007/842/352 1005/843/350 38/841/351 40/653/353
f 1009/844/354 1007/845/352 40/653/353 45/846/355
f 1011/847/356 1009/848/354 45/846/355 51/849/357
f 1013/850/358 1011/847/356 51/849/357 54/851/359
f 1015/852/360 1013/853/358 54/851/359 58/854/361
f 1017/855/362 1015/852/360 58/854/361 61/856/363
f 1018/857/364 1017/858/362 61/856/363 63/859/365
f 1021/860/366 1018/861/364 63/859/365 65/862/367
f 1023/863/368 1021/860/366 65/862/367 68/864/369
f 1025/865/370 1023/866/368 68/864/369 72/867/371
f 1027/868/372 1025/865/370 72/867/371 76/869/373
f 1029/870/374 1027/871/372 76/869/373 78/872/375
f 1031/873/376 1029/874/374 78/872/375 83/875/377
f 1033/876/378 1031/877/376 83/875/377 88/878/379
f 977/777/313 1033/876/378 88/878/379 90/778/314
f 90/778/314 195/879/380 95/880/381 1/779/315
f 1/782/315 95/881/381 99/882/382 6/783/317
f 6/783/317 99/882/382 103/883/383 8/785/319
f 8/785/319 103/883/383 1161/884/384 1160/792/323
f 1173/885/385 117/667/386 23/639/342 1170/827/341
f 23/639/342 117/667/386 118/886/387 26/832/345
f 26/832/345 118/886/387 120/887/388 30/835/347
f 30/835/347 120/887/388 124/888/389 32/838/349
f 32/838/349 124/888/389 128/889/390 38/841/351
f 38/841/351 128/889/390 135/672/391 40/653/353
f 40/653/353 135/672/391 139/890/392 45/846/355
f 45/846/355 139/890/392 141/891/393 51/849/357
f 51/849/357 141/891/393 152/892/394 54/851/359
f 54/851/359 152/892/394 160/893/395 58/854/361
f 58/854/361 160/893/395 167/894/396 61/856/363
f 61/856/363 167/894/396 168/895/397 63/859/365
f 63/859/365 168/895/397 170/896/398 65/862/367
f 65/862/367 170/896/398 173/897/399 68/864/369
f 68/864/369 173/897/399 175/898/400 72/867/371
f 72/867/371 175/898/400 179/899/401 76/869/373
f 76/869/373 179/899/401 186/900/402 78/872/375
f 78/872/375 186/900/402 187/901/403 83/875/377
f 83/875/377 187/901/403 193/902/404 88/878/379
f 88/878/379 193/902/404 195/879/380 90/778/314
f 195/879/380 325/903/405 205/904/406 95/880/381
f 95/881/381 205/905/406 212/906/407 99/882/382
f 99/882/382 212/906/407 221/907/408 103/883/383
f 103/883/383 221/907/408 1168/908/409 1161/884/384
f 1175/909/410 234/677/411 117/667/386 1173/885/385
f 117/667/386 234/677/411 239/910/412 118/886/387
f 118/886/387 239/910/412 242/911/413 120/887/388
f 120/887/388 242/911/413 247/912/414 124/888/389
f 124/888/389 247/912/414 251/913/415 128/889/390
f 128/889/390 251/913/415 258/681/416 135/672/391
f 135/672/391 258/681/416 264/914/417 139/890/392
f 139/890/392 264/914/417 272/915/418 141/891/393
f 141/891/393 272/915/418 276/916/419 152/892/394
f 152/892/394 276/916/419 277/917/420 160/893/395
f 160/893/395 277/917/420 282/918/421 167/894/396
f 167/894/396 282/918/421 286/919/422 168/895/397
f 168/895/397 286/919/422 290/920/423 170/896/398
f 170/896/398 290/920/423 291/921/424 173/897/399
f 173/897/399 291/921/424 298/922/425 175/898/400
f 175/898/400 298/922/425 300/923/426 179/899/401
f 179/899/401 300/923/426 304/924/427 186/900/402
f 186/900/402 304/924/427 314/925/428 187/901/403
f 187/901/403 314/925/428 318/926/429 193/902/404
f 193/902/404 318/926/429 325/903/405 195/879/380
f 325/903/405 445/927/430 329/928/431 205/904/406
f 205/905/406 329/929/431 333/930/432 212/906/407
f 212/906/407 333/930/432 334/931/433 221/907/408
f 1168/908/409 221/907/408 334/931/433 1164/932/434
f 1176/933/435 352/685/436 234/677/411 1175/909/410
f 234/677/411 352/685/436 359/934/437 239/910/412
f 239/910/412 359/934/437 361/935/438 242/911/413
f 242/911/413 361/935/438 374/936/439 247/912/414
f 247/912/414 374/936/439 376/937/440 251/913/415
f 251/913/415 376/937/440 383/690/441 258/681/416
f 258/681/416 383/690/441 384/938/442 264/914/417
f 264/914/417 384/938/442 389/939/443 272/915/418
f 272/915/418 389/939/443 394/940/444 276/916/419
f 276/916/419 394/940/444 398/941/445 277/917/420
f 277/917/420 398/941/445 400/942/446 282/918/421
f 282/918/421 400/942/446 406/943/447 286/919/422
f 286/919/422 406/943/447 409/944/448 290/920/423
f 290/920/423 409/944/448 414/945/449 291/921/424
f 291/921/424 414/945/449 420/946/450 298/922/425
f 298/922/425 420/946/450 427/947/451 300/923/426
f 300/923/426 427/947/451 434/948/452 304/924/427
f 304/924/427 434/948/452 437/949/453 314/925/428
f 314/925/428 437/949/453 441/950/454 318/926/429
f 318/926/429 441/950/454 445/927/430 325/903/405
f 445/927/430 562/951/455 446/952/456 329/928/431
f 329/929/431 446/953/456 450/954/457 333/930/432
f 333/930/432 450/954/457 456/955/458 334/931/433
f 1164/932/434 334/931/433 456/955/458 1159/956/459
f 1180/957/460 479/694/461 352/685/436 1176/933/435
f 352/685/436 479/694/461 482/958/462 359/934/437
f 359/934/437 482/958/462 487/959/463 361/935/438
f 361/935/438 487/959/463 493/960/464 374/936/439
f 374/936/439 493/960/464 495/961/465 376/937/440
f 376/937/440 495/961/465 502/699/466 383/690/441
f 383/690/441 502/699/466 505/962/467 384/938/442
f 384/938/442 505/962/467 507/963/468 389/939/443
f 389/939/443 507/963/468 512/964/469 394/940/444
f 394/940/444 512/964/469 518/965/470 398/941/445
f 398/941/445 518/965/470 519/966/471 400/942/446
f 400/942/446 519/966/471 525/967/472 406/943/447
f 406/943/447 525/967/472 535/968/473 409/944/448
f 409/944/448 535/968/473 537/969/474 414/945/449
f 414/945/449 537/969/474 542/970/475 420/946/450
f 420/946/450 542/970/475 548/971/476 427/947/451
f 427/947/451 548/971/476 550/972/477 434/948/452
f 434/948/452 550/972/477 554/973/478 437/949/453
f 437/949/453 554/973/478 561/974/479 441/950/454
f 441/950/454 561/974/479 562/951/455 445/927/430
f 562/951/455 699/975/480 568/976/481 446/952/456
f 446/953/456 568/977/481 573/978/482 450/954/457
f 450/954/457 573/978/482 574/979/483 456/955/458
f 1159/956/459 456/955/458 574/979/483 1165/980/484
f 1177/981/485 609/703/486 479/694/461 1180/957/460
f 479/694/461 609/703/486 613/982/487 482/958/462
f 482/958/462 613/982/487 616/983/488 487/959/463
f 487/959/463 616/983/488 619/984/489 493/960/464
f 493/960/464 619/984/489 622/985/490 495/961/465
f 495/961/465 622/985/490 627/708/491 502/699/466
f 502/699/466 627/708/491 631/986/492 505/962/467
f 505/962/467 631/986/492 636/987/493 507/963/468
f 507/963/468 636/987/493 641/988/494 512/964/469
f 512/964/469 641/988/494 644/989/495 518/965/470
f 518/965/470 644/989/495 651/990/496 519/966/471
f 519/966/471 651/990/496 660/991/497 525/967/472
f 525/967/472 660/991/497 667/992/498 535/968/473
f 535/968/473 667/992/498 675/993/499 537/969/474
f 537/969/474 675/993/499 678/994/500 542/970/475
f 542/970/475 678/994/500 681/995/501 548/971/476
f 548/971/476 681/995/501 684/996/502 550/972/477
f 550/972/477 684/996/502 688/997/503 554/973/478
f 554/973/478 688/997/503 695/998/504 561/974/479
f 561/974/479 695/998/504 699/975/480 562/951/455
f 699/975/480 761/999/505 700/1000/506 568/976/481
f 568/977/481 700/1001/506 706/1002/507 573/978/482
f 573/978/482 706/1002/507 708/1003/508 574/979/483
f 574/979/483 708/1003/508 1166/1004/509 1165/980/484
f 1178/1005/510 723/712/511 609/703/486 1177/981/485
f 609/703/486 723/712/511 724/1006/512 613/982/487
f 613/982/487 724/1006/512 727/1007/513 616/983/488
f 616/983/488 727/1007/513 729/1008/514 619/984/489
f 619/984/489 729/1008/514 730/1009/515 622/985/490
f 622/985/490 730/1009/515 733/717/516 627/708/491
f 627/708/491 733/717/516 735/1010/517 631/986/492
f 631/986/492 735/1010/517 736/1011/518 636/987/493
f 636/987/493 736/1011/518 739/1012/519 641/988/494
f 641/988/494 739/1012/519 740/1013/520 644/989/495
f 644/989/495 740/1013/520 742/1014/521 651/990/496
f 651/990/496 742/1014/521 744/1015/522 660/991/497
f 660/991/497 744/1015/522 746/1016/523 667/992/498
f 667/992/498 746/1016/523 748/1017/524 675/993/499
f 675/993/499 748/1017/524 751/1018/525 678/994/500
f 678/994/500 751/1018/525 753/1019/526 681/995/501
f 681/995/501 753/1019/526 755/1020/527 684/996/502
f 684/996/502 755/1020/527 757/1021/528 688/997/503
f 688/997/503 757/1021/528 759/1022/529 695/998/504
f 695/998/504 759/1022/529 761/999/505 699/975/480
f 761/999/505 814/1023/530 762/1024/531 700/1000/506
f 700/1001/506 762/1025/531 765/1026/532 706/1002/507
f 706/1002/507 765/1026/532 766/1027/533 708/1003/508
f 708/1003/508 766/1027/533 1167/1028/534 1166/1004/509
f 1179/1029/535 776/721/536 723/712/511 1178/1005/510
f 723/712/511 776/721/536 778/1030/537 724/1006/512
f 724/1006/512 778/1030/537 780/1031/538 727/1007/513
f 727/1007/513 780/1031/538 781/1032/539 729/1008/514
f 729/1008/514 781/1032/539 783/1033/540 730/1009/515
f 730/1009/515 783/1033/540 786/726/541 733/717/516
f 733/717/516 786/726/541 787/1034/542 735/1010/517
f 735/1010/517 787/1034/542 789/1035/543 736/1011/518
f 736/1011/518 789/1035/543 791/1036/544 739/1012/519
f 739/1012/519 791/1036/544 794/1037/545 740/1013/520
f 740/1013/520 794/1037/545 796/1038/546 742/1014/521
f 742/1014/521 796/1038/546 798/1039/547 744/1015/522
f 744/1015/522 798/1039/547 800/1040/548 746/1016/523
f 746/1016/523 800/1040/548 802/1041/549 748/1017/524
f 748/1017/524 802/1041/549 803/1042/550 751/1018/525
f 751/1018/525 803/1042/550 806/1043/551 753/1019/526
f 753/1019/526 806/1043/551 808/1044/552 755/1020/527
f 755/1020/527 808/1044/552 810/1045/553 757/1021/528
f 757/1021/528 810/1045/553 812/1046/554 759/1022/529
f 759/1022/529 812/1046/554 814/1023/530 761/999/505
f 814/1023/530 866/1047/555 816/1048/556 762/1024/531
f 762/1025/531 816/1049/556 818/1050/557 765/1026/532
f 765/1026/532 818/1050/557 819/1051/558 766/1027/533
f 766/1027/533 819/1051/558 1169/1052/559 1167/1028/534
f 1174/1053/560 828/730/561 776/721/536 1179/1029/535
f 776/721/536 828/730/561 831/1054/562 778/1030/537
f 778/1030/537 831/1054/562 832/1055/563 780/1031/538
f 780/1031/538 832/1055/563 834/1056/564 781/1032/539
f 781/1032/539 834/1056/564 837/1057/565 783/1033/540
f 783/1033/540 837/1057/565 838/735/566 786/726/541
f 786/726/541 838/735/566 840/1058/567 787/1034/542
f 787/1034/542 840/1058/567 842/1059/568 789/1035/543
f 789/1035/543 842/1059/568 845/1060/569 791/1036/544
f 791/1036/544 845/1060/569 847/1061/570 794/1037/545
f 794/1037/545 847/1061/570 849/1062/571 796/1038/546
f 796/1038/546 849/1062/571 850/1063/572 798/1039/547
f 798/1039/547 850/1063/572 852/1064/573 800/1040/548
f 800/1040/548 852/1064/573 854/1065/574 802/1041/549
f 802/1041/549 854/1065/574 857/1066/575 803/1042/550
f 803/1042/550 857/1066/575 859/1067/576 806/1043/551
f 806/1043/551 859/1067/576 860/1068/577 808/1044/552
f 808/1044/552 860/1068/577 862/1069/578 810/1045/553
f 810/1045/553 862/1069/578 864/1070/579 812/1046/554
f 812/1046/554 864/1070/579 866/1047/555 814/1023/530
f 866/1047/555 920/1071/580 868/14/581 816/1048/556
f 816/1049/556 868/1072/581 870/1073/582 818/1050/557
f 818/1050/557 870/1073/582 872/1074/583 819/1051/558
f 1169/1052/559 819/1051/558 872/1074/583 1163/1075/584
f 1172/1076/585 881/740/586 828/730/561 1174/1053/560
f 828/730/561 881/740/586 884/1077/587 831/1054/562
f 831/1054/562 884/1077/587 885/1078/588 832/1055/563
f 832/1055/563 885/1078/588 888/1079/589 834/1056/564
f 834/1056/564 888/1079/589 889/1080/590 837/1057/565
f 837/1057/565 889/1080/590 892/744/591 838/735/566
f 838/735/566 892/744/591 893/1081/592 840/1058/567
f 840/1058/567 893/1081/592 895/1082/593 842/1059/568
f 842/1059/568 895/1082/593 898/1083/594 845/1060/569
f 845/1060/569 898/1083/594 900/1084/595 847/1061/570
f 847/1061/570 900/1084/595 902/1085/596 849/1062/571
f 849/1062/571 902/1085/596 904/1086/597 850/1063/572
f 850/1063/572 904/1086/597 905/1087/598 852/1064/573
f 852/1064/573 905/1087/598 908/1088/599 854/1065/574
f 854/1065/574 908/1088/599 910/1089/600 857/1066/575
f 857/1066/575 910/1089/600 912/1090/601 859/1067/576
f 859/1067/576 912/1090/601 913/1091/602 860/1068/577
f 860/1068/577 913/1091/602 915/1092/603 862/1069/578
f 862/1069/578 915/1092/603 917/1093/604 864/1070/579
f 864/1070/579 917/1093/604 920/1071/580 866/1047/555
f 920/1071/580 972/1094/605 922/502/606 868/14/581
f 868/1072/581 922/1095/606 923/1096/607 870/1073/582
f 870/1073/582 923/1096/607 925/1097/608 872/1074/583
f 1163/1075/584 872/1074/583 925/1097/608 1162/1098/609
f 1171/1099/610 934/749/611 881/740/586 1172/1076/585
f 881/740/586 934/749/611 937/1100/612 884/1077/587
f 884/1077/587 937/1100/612 939/1101/613 885/1078/588
f 885/1078/588 939/1101/613 940/1102/614 888/1079/589
f 888/1079/589 940/1102/614 942/1103/615 889/1080/590
f 889/1080/590 942/1103/615 944/753/616 892/744/591
f 892/744/591 944/753/616 947/1104/617 893/1081/592
f 893/1081/592 947/1104/617 949/1105/618 895/1082/593
f 895/1082/593 949/1105/618 950/1106/619 898/1083/594
f 898/1083/594 950/1106/619 953/1107/620 900/1084/595
f 900/1084/595 953/1107/620 954/1108/621 902/1085/596
f 902/1085/596 954/1108/621 956/1109/622 904/1086/597
f 904/1086/597 956/1109/622 958/1110/623 905/1087/598
f 905/1087/598 958/1110/623 960/1111/624 908/1088/599
f 908/1088/599 960/1111/624 963/1112/625 910/1089/600
f 910/1089/600 963/1112/625 964/1113/626 912/1090/601
f 912/1090/601 964/1113/626 966/1114/627 913/1091/602
f 913/1091/602 966/1114/627 968/1115/628 915/1092/603
f 915/1092/603 968/1115/628 970/1116/629 917/1093/604
f 917/1093/604 970/1116/629 972/1094/605 920/1071/580
f 1035/1117/630 922/502/606 972/1094/605 1037/1118/631
f 1035/1119/630 1038/1120/632 923/1096/607 922/1095/606
f 923/1096/607 1038/1120/632 1040/1121/633 925/1097/608
f 1152/1122/634 1127/1123/635 1128/1124/635 1129/1125/635 1137/1126/635 1138/1127/635 1141/1128/635 1162/1098/609 925/1097/608 1040/1121/633 1042/1129/636
f 1115/1130/637 1152/1122/634 1042/1129/636 1044/1131/638 1113/1132/639
f 1111/1133/640 1113/1132/639 1044/1131/638 1047/1134/641 1149/1135/642 1109/1136/640
f 1047/1134/641 1049/1137/643 1150/1138/644 1149/1135/642
f 1049/1137/643 1051/1139/645 1151/1140/646 1150/1138/644
f 1110/1141/647 1151/1140/646 1051/1139/645 1052/1142/648 1114/1143/649 1112/1144/647
f 1116/1145/650 1114/1143/649 1052/1142/648 1055/1146/651 1153/1147/652
f 1139/1148/653 1130/1149/653 1126/1150/653 1125/1151/653 1153/1147/652 1055/1146/651 1056/1152/654 934/749/611 1171/1099/610 1142/1153/653 1140/1154/653
f 1058/1155/655 937/1100/612 934/749/611 1056/1152/654
f 1060/1156/656 939/1101/613 937/1100/612 1058/1155/655
f 1062/1157/657 940/1102/614 939/1101/613 1060/1156/656
f 1064/1158/658 942/1103/615 940/1102/614 1062/1157/657
f 1066/1159/659 944/753/616 942/1103/615 1064/1158/658
f 1068/1160/660 947/1104/617 944/753/616 1066/1159/659
f 1068/1160/660 1070/1161/661 949/1105/618 947/1104/617
f 1070/1161/661 1072/1162/662 950/1106/619 949/1105/618
f 1074/1163/663 953/1107/620 950/1106/619 1072/1162/662
f 1077/1164/664 954/1108/621 953/1107/620 1074/1163/663
f 1078/1165/665 956/1109/622 954/1108/621 1077/1164/664
f 1080/1166/666 958/1110/623 956/1109/622 1078/1165/665
f 1082/1167/667 960/1111/624 958/1110/623 1080/1166/666
f 1085/1168/668 963/1112/625 960/1111/624 1082/1167/667
f 1087/1169/669 964/1113/626 963/1112/625 1085/1168/668
f 1089/1170/670 966/1114/627 964/1113/626 1087/1169/669
f 1091/1171/671 968/1115/628 966/1114/627 1089/1170/670
f 1092/1172/672 970/1116/629 968/1115/628 1091/1171/671
f 1037/1118/631 972/1094/605 970/1116/629 1092/1172/672
f 1062/1157/657 1060/1156/656 1058/1155/655 1056/1152/654 1055/1146/651 1052/1142/648 1051/1139/645 1049/1137/643 1047/1134/641 1044/1131/638 1042/1129/636 1040/1121/633 1038/1120/632 1035/1119/630 1037/1118/631 1092/1172/672 1091/1171/671 1089/1170/670 1087/1169/669 1085/1168/668 1082/1167/667 1080/1166/666 1078/1165/665 1077/1164/664 1074/1163/663 1072/1162/662 1070/1161/661 1068/1160/660 1066/1159/659 1064/1158/658
f 1033/876/378 977/777/313 974/781/312 978/780/316 981/784/318 983/798/322 985/797/326 987/806/329 989/805/331 991/809/333 993/818/336 995/829/339 997/831/343 998/834/344 1001/837/346 1002/840/348 1005/843/350 1007/845/352 1009/848/354 1011/847/356 1013/853/358 1015/852/360 1017/858/362 1018/861/364 1021/860/366 1023/866/368 1025/865/370 1027/871/372 1029/874/374 1031/877/376
f 584/776/781 587/777/782 53/778/783 2/779/784
f 588/780/785 584/781/781 2/782/784 4/783/786
f 591/784/787 588/780/785 4/783/786 5/785/788
f 1262/1227/789 1257/1228/789 1258/1229/789 1282/1230/790 592/791/791 591/784/787 5/785/788 1306/1231/792 1274/1232/789 1272/1233/789 1271/1234/789
f 1245/1235/793 594/797/794 592/798/791 1282/1230/790 1247/1236/795
f 1283/1237/796 596/801/797 594/797/794 1245/1235/793 1243/1238/798 1242/1239/798
f 1284/1240/799 599/805/800 596/806/797 1283/1241/796
f 1285/1242/801 600/809/802 599/805/800 1284/1243/799
f 1244/1244/803 1246/1245/804 603/813/805 600/809/802 1285/1242/801 1241/1246/803
f 604/817/806 603/818/805 1246/1247/804 1248/1248/807 1281/1249/808
f 1260/1250/809 1261/1251/809 1269/1252/809 1270/1253/809 1273/1254/809 1291/1255/810 14/639/811 607/828/812 604/829/806 1281/1249/808 1259/1256/809
f 608/830/813 607/831/812 14/639/811 17/832/814
f 611/833/815 608/834/813 17/832/814 18/835/816
f 612/836/817 611/837/815 18/835/816 20/838/818
f 615/839/819 612/840/817 20/838/818 22/841/820
f 617/842/821 615/843/819 22/841/820 25/653/822
f 618/844/823 617/845/821 25/653/822 27/846/824
f 620/847/825 618/848/823 27/846/824 29/849/826
f 623/850/827 620/847/825 29/849/826 31/851/828
f 625/852/829 623/853/827 31/851/828 33/854/830
f 626/855/831 625/852/829 33/854/830 35/856/832
f 628/857/833 626/858/831 35/856/832 37/859/834
f 630/860/835 628/861/833 37/859/834 39/862/836
f 633/863/837 630/860/835 39/862/836 41/864/838
f 635/865/839 633/866/837 41/864/838 42/867/840
f 637/868/841 635/865/839 42/867/840 44/869/842
f 639/870/843 637/871/841 44/869/842 47/872/844
f 640/873/845 639/874/843 47/872/844 49/875/846
f 642/876/847 640/877/845 49/875/846 50/878/848
f 587/777/782 642/876/847 50/878/848 53/778/783
f 53/778/783 105/879/849 55/880/850 2/779/784
f 2/782/784 55/881/850 57/882/851 4/783/786
f 4/783/786 57/882/851 59/883/852 5/785/788
f 1306/1231/792 5/785/788 59/883/852 1305/1257/853
f 67/667/854 14/639/811 1291/1255/810 1294/1258/855
f 14/639/811 67/667/854 69/886/856 17/832/814
f 17/832/814 69/886/856 71/887/857 18/835/816
f 18/835/816 71/887/857 73/888/858 20/838/818
f 20/838/818 73/888/858 75/889/859 22/841/820
f 22/841/820 75/889/859 77/672/860 25/653/822
f 25/653/822 77/672/860 80/890/861 27/846/824
f 27/846/824 80/890/861 82/891/862 29/849/826
f 29/849/826 82/891/862 84/892/863 31/851/828
f 31/851/828 84/892/863 86/893/864 33/854/830
f 33/854/830 86/893/864 87/894/865 35/856/832
f 35/856/832 87/894/865 89/895/866 37/859/834
f 37/859/834 89/895/866 91/896/867 39/862/836
f 39/862/836 91/896/867 94/897/868 41/864/838
f 41/864/838 94/897/868 96/898/869 42/867/840
f 42/867/840 96/898/869 98/899/870 44/869/842
f 44/869/842 98/899/870 100/900/871 47/872/844
f 47/872/844 100/900/871 102/901/872 49/875/846
f 49/875/846 102/901/872 104/902/873 50/878/848
f 50/878/848 104/902/873 105/879/849 53/778/783
f 105/879/849 158/903/874 108/904/875 55/880/850
f 55/881/850 108/905/875 110/906/876 57/882/851
f 57/882/851 110/906/876 112/907/877 59/883/852
f 1305/1257/853 59/883/852 112/907/877 1303/1259/878
f 1296/909/879 121/677/880 67/667/854 1294/1258/855
f 67/667/854 121/677/880 122/910/881 69/886/856
f 69/886/856 122/910/881 125/911/882 71/887/857
f 71/887/857 125/911/882 127/912/883 73/888/858
f 73/888/858 127/912/883 129/913/884 75/889/859
f 75/889/859 129/913/884 130/681/885 77/672/860
f 77/672/860 130/681/885 132/914/886 80/890/861
f 80/890/861 132/914/886 134/915/887 82/891/862
f 82/891/862 134/915/887 136/916/888 84/892/863
f 84/892/863 136/916/888 138/917/889 86/893/864
f 86/893/864 138/917/889 140/918/890 87/894/865
f 87/894/865 140/918/890 143/919/891 89/895/866
f 89/895/866 143/919/891 144/920/892 91/896/867
f 91/896/867 144/920/892 146/921/893 94/897/868
f 94/897/868 146/921/893 148/922/894 96/898/869
f 96/898/869 148/922/894 151/923/895 98/899/870
f 98/899/870 151/923/895 153/924/896 100/900/871
f 100/900/871 153/924/896 154/925/897 102/901/872
f 102/901/872 154/925/897 156/926/898 104/902/873
f 104/902/873 156/926/898 158/903/874 105/879/849
f 158/903/874 211/927/899 161/928/900 108/904/875
f 108/905/875 161/929/900 162/930/901 110/906/876
f 110/906/876 162/930/901 165/931/902 112/907/877
f 1303/1259/878 112/907/877 165/931/902 1304/1260/903
f 1297/1261/904 174/685/905 121/677/880 1296/909/879
f 121/677/880 174/685/905 176/934/906 122/910/881
f 122/910/881 176/934/906 178/935/907 125/911/882
f 125/911/882 178/935/907 180/936/908 127/912/883
f 127/912/883 180/936/908 181/937/909 129/913/884
f 129/913/884 181/937/909 183/690/910 130/681/885
f 130/681/885 183/690/910 185/938/911 132/914/886
f 132/914/886 185/938/911 188/939/912 134/915/887
f 134/915/887 188/939/912 189/940/913 136/916/888
f 136/916/888 189/940/913 191/941/914 138/917/889
f 138/917/889 191/941/914 194/942/915 140/918/890
f 140/918/890 194/942/915 196/943/916 143/919/891
f 143/919/891 196/943/916 198/944/917 144/920/892
f 144/920/892 198/944/917 200/945/918 146/921/893
f 146/921/893 200/945/918 202/946/919 148/922/894
f 148/922/894 202/946/919 204/947/920 151/923/895
f 151/923/895 204/947/920 206/948/921 153/924/896
f 153/924/896 206/948/921 208/949/922 154/925/897
f 154/925/897 208/949/922 210/950/923 156/926/898
f 156/926/898 210/950/923 211/927/899 158/903/874
f 211/927/899 265/951/924 213/952/925 161/928/900
f 161/929/900 213/953/925 215/954/926 162/930/901
f 162/930/901 215/954/926 217/955/927 165/931/902
f 1304/1260/903 165/931/902 217/955/927 1302/1262/460
f 1301/957/459 226/694/928 174/685/905 1297/1261/904
f 174/685/905 226/694/928 229/958/929 176/934/906
f 176/934/906 229/958/929 230/959/930 178/935/907
f 178/935/907 230/959/930 233/960/931 180/936/908
f 180/936/908 233/960/931 235/961/932 181/937/909
f 181/937/909 235/961/932 236/699/933 183/690/910
f 183/690/910 236/699/933 238/962/934 185/938/911
f 185/938/911 238/962/934 241/963/935 188/939/912
f 188/939/912 241/963/935 243/964/936 189/940/913
f 189/940/913 243/964/936 244/965/937 191/941/914
f 191/941/914 244/965/937 246/966/938 194/942/915
f 194/942/915 246/966/938 249/967/939 196/943/916
f 196/943/916 249/967/939 250/968/940 198/944/917
f 198/944/917 250/968/940 252/969/941 200/945/918
f 200/945/918 252/969/941 255/970/942 202/946/919
f 202/946/919 255/970/942 256/971/943 204/947/920
f 204/947/920 256/971/943 259/972/944 206/948/921
f 206/948/921 259/972/944 261/973/945 208/949/922
f 208/949/922 261/973/945 262/974/946 210/950/923
f 210/950/923 262/974/946 265/951/924 211/927/899
f 265/951/924 317/975/947 266/976/948 213/952/925
f 213/953/925 266/977/948 268/978/949 215/954/926
f 215/954/926 268/978/949 270/979/950 217/955/927
f 1302/1262/460 217/955/927 270/979/950 1308/1263/485
f 279/703/951 226/694/928 1301/957/459 1300/981/484
f 226/694/928 279/703/951 281/982/952 229/958/929
f 229/958/929 281/982/952 284/983/953 230/959/930
f 230/959/930 284/983/953 285/984/954 233/960/931
f 233/960/931 285/984/954 287/985/955 235/961/932
f 235/961/932 287/985/955 289/708/956 236/699/933
f 236/699/933 289/708/956 292/986/957 238/962/934
f 238/962/934 292/986/957 294/987/958 241/963/935
f 241/963/935 294/987/958 296/988/959 243/964/936
f 243/964/936 296/988/959 297/989/960 244/965/937
f 244/965/937 297/989/960 299/990/961 246/966/938
f 246/966/938 299/990/961 301/991/962 249/967/939
f 249/967/939 301/991/962 303/992/963 250/968/940
f 250/968/940 303/992/963 305/993/964 252/969/941
f 252/969/941 305/993/964 308/994/965 255/970/942
f 255/970/942 308/994/965 309/995/966 256/971/943
f 256/971/943 309/995/966 312/996/967 259/972/944
f 259/972/944 312/996/967 313/997/968 261/973/945
f 261/973/945 313/997/968 315/998/969 262/974/946
f 262/974/946 315/998/969 317/975/947 265/951/924
f 317/975/947 371/999/970 319/1000/971 266/976/948
f 266/977/948 319/1001/971 321/1002/972 268/978/949
f 268/978/949 321/1002/972 324/1003/973 270/979/950
f 1308/1263/485 270/979/950 324/1003/973 1307/1264/510
f 332/712/974 279/703/951 1300/981/484 1298/1005/509
f 279/703/951 332/712/974 335/1006/975 281/982/952
f 281/982/952 335/1006/975 336/1007/976 284/983/953
f 284/983/953 336/1007/976 339/1008/977 285/984/954
f 285/984/954 339/1008/977 340/1009/978 287/985/955
f 287/985/955 340/1009/978 342/717/979 289/708/956
f 289/708/956 342/717/979 345/1010/980 292/986/957
f 292/986/957 345/1010/980 346/1011/981 294/987/958
f 294/987/958 346/1011/981 348/1012/982 296/988/959
f 296/988/959 348/1012/982 351/1013/983 297/989/960
f 297/989/960 351/1013/983 353/1014/984 299/990/961
f 299/990/961 353/1014/984 354/1015/985 301/991/962
f 301/991/962 354/1015/985 357/1016/986 303/992/963
f 303/992/963 357/1016/986 358/1017/987 305/993/964
f 305/993/964 358/1017/987 360/1018/988 308/994/965
f 308/994/965 360/1018/988 362/1019/989 309/995/966
f 309/995/966 362/1019/989 365/1020/990 312/996/967
f 312/996/967 365/1020/990 367/1021/991 313/997/968
f 313/997/968 367/1021/991 369/1022/992 315/998/969
f 315/998/969 369/1022/992 371/999/970 317/975/947
f 371/999/970 424/1023/993 373/1024/994 319/1000/971
f 319/1001/971 373/1025/994 375/1026/995 321/1002/972
f 321/1002/972 375/1026/995 377/1027/996 324/1003/973
f 1307/1264/510 324/1003/973 377/1027/996 1311/1265/535
f 385/721/997 332/712/974 1298/1005/509 1299/1266/998
f 332/712/974 385/721/997 387/1030/999 335/1006/975
f 335/1006/975 387/1030/999 390/1031/1000 336/1007/976
f 336/1007/976 390/1031/1000 391/1032/1001 339/1008/977
f 339/1008/977 391/1032/1001 393/1033/1002 340/1009/978
f 340/1009/978 393/1033/1002 395/726/1003 342/717/979
f 342/717/979 395/726/1003 397/1034/1004 345/1010/980
f 345/1010/980 397/1034/1004 399/1035/1005 346/1011/981
f 346/1011/981 399/1035/1005 402/1036/1006 348/1012/982
f 348/1012/982 402/1036/1006 403/1037/1007 351/1013/983
f 351/1013/983 403/1037/1007 405/1038/1008 353/1014/984
f 353/1014/984 405/1038/1008 408/1039/1009 354/1015/985
f 354/1015/985 408/1039/1009 410/1040/1010 357/1016/986
f 357/1016/986 410/1040/1010 411/1041/1011 358/1017/987
f 358/1017/987 411/1041/1011 413/1042/1012 360/1018/988
f 360/1018/988 413/1042/1012 415/1043/1013 362/1019/989
f 362/1019/989 415/1043/1013 417/1044/1014 365/1020/990
f 365/1020/990 417/1044/1014 419/1045/1015 367/1021/991
f 367/1021/991 419/1045/1015 422/1046/1016 369/1022/992
f 369/1022/992 422/1046/1016 424/1023/993 371/999/970
f 424/1023/993 476/1047/1017 425/1048/1018 373/1024/994
f 373/1025/994 425/1049/1018 428/1050/1019 375/1026/995
f 375/1026/995 428/1050/1019 430/1051/1020 377/1027/996
f 1311/1265/535 377/1027/996 430/1051/1020 1312/1052/560
f 439/730/1021 385/721/997 1299/1266/998 1295/1053/559
f 385/721/997 439/730/1021 440/1054/1022 387/1030/999
f 387/1030/999 440/1054/1022 442/1055/1023 390/1031/1000
f 390/1031/1000 442/1055/1023 444/1056/1024 391/1032/1001
f 391/1032/1001 444/1056/1024 447/1057/1025 393/1033/1002
f 393/1033/1002 447/1057/1025 449/735/1026 395/726/1003
f 395/726/1003 449/735/1026 451/1058/1027 397/1034/1004
f 397/1034/1004 451/1058/1027 453/1059/1028 399/1035/1005
f 399/1035/1005 453/1059/1028 454/1060/1029 402/1036/1006
f 402/1036/1006 454/1060/1029 457/1061/1030 403/1037/1007
f 403/1037/1007 457/1061/1030 459/1062/1031 405/1038/1008
f 405/1038/1008 459/1062/1031 460/1063/1032 408/1039/1009
f 408/1039/1009 460/1063/1032 463/1064/1033 410/1040/1010
f 410/1040/1010 463/1064/1033 464/1065/1034 411/1041/1011
f 411/1041/1011 464/1065/1034 467/1066/1035 413/1042/1012
f 413/1042/1012 467/1066/1035 468/1067/1036 415/1043/1013
f 415/1043/1013 468/1067/1036 470/1068/1037 417/1044/1014
f 417/1044/1014 470/1068/1037 472/1069/1038 419/1045/1015
f 419/1045/1015 472/1069/1038 474/1070/1039 422/1046/1016
f 422/1046/1016 474/1070/1039 476/1047/1017 424/1023/993
f 476/1047/1017 530/1071/1040 478/14/1041 425/1048/1018
f 425/1049/1018 478/1072/1041 480/1073/1042 428/1050/1019
f 428/1050/1019 480/1073/1042 483/1074/1043 430/1051/1020
f 1312/1052/560 430/1051/1020 483/1074/1043 1310/1267/585
f 1293/1268/584 491/740/1044 439/730/1021 1295/1053/559
f 439/730/1021 491/740/1044 494/1077/1045 440/1054/1022
f 440/1054/1022 494/1077/1045 496/1078/1046 442/1055/1023
f 442/1055/1023 496/1078/1046 498/1079/1047 444/1056/1024
f 444/1056/1024 498/1079/1047 499/1080/1048 447/1057/1025
f 447/1057/1025 499/1080/1048 501/744/1049 449/735/1026
f 449/735/1026 501/744/1049 504/1081/1050 451/1058/1027
f 451/1058/1027 504/1081/1050 506/1082/1051 453/1059/1028
f 453/1059/1028 506/1082/1051 508/1083/1052 454/1060/1029
f 454/1060/1029 508/1083/1052 510/1084/1053 457/1061/1030
f 457/1061/1030 510/1084/1053 511/1085/1054 459/1062/1031
f 459/1062/1031 511/1085/1054 513/1086/1055 460/1063/1032
f 460/1063/1032 513/1086/1055 516/1087/1056 463/1064/1033
f 463/1064/1033 516/1087/1056 517/1088/1057 464/1065/1034
f 464/1065/1034 517/1088/1057 520/1089/1058 467/1066/1035
f 467/1066/1035 520/1089/1058 521/1090/1059 468/1067/1036
f 468/1067/1036 521/1090/1059 523/1091/1060 470/1068/1037
f 470/1068/1037 523/1091/1060 526/1092/1061 472/1069/1038
f 472/1069/1038 526/1092/1061 528/1093/1062 474/1070/1039
f 474/1070/1039 528/1093/1062 530/1071/1040 476/1047/1017
f 530/1071/1040 582/1094/1063 531/502/1064 478/14/1041
f 478/1072/1041 531/1095/1064 533/1096/1065 480/1073/1042
f 480/1073/1042 533/1096/1065 536/1097/1066 483/1074/1043
f 1310/1267/585 483/1074/1043 536/1097/1066 1309/1098/1067
f 1292/1269/1068 544/749/1069 491/740/1044 1293/1268/584
f 491/740/1044 544/749/1069 547/1100/1070 494/1077/1045
f 494/1077/1045 547/1100/1070 549/1101/1071 496/1078/1046
f 496/1078/1046 549/1101/1071 551/1102/1072 498/1079/1047
f 498/1079/1047 551/1102/1072 553/1103/1073 499/1080/1048
f 499/1080/1048 553/1103/1073 555/753/1074 501/744/1049
f 501/744/1049 555/753/1074 556/1104/1075 504/1081/1050
f 504/1081/1050 556/1104/1075 558/1105/1076 506/1082/1051
f 506/1082/1051 558/1105/1076 560/1106/1077 508/1083/1052
f 508/1083/1052 560/1106/1077 563/1107/1078 510/1084/1053
f 510/1084/1053 563/1107/1078 564/1108/1079 511/1085/1054
f 511/1085/1054 564/1108/1079 567/1109/1080 513/1086/1055
f 513/1086/1055 567/1109/1080 569/1110/1081 516/1087/1056
f 516/1087/1056 569/1110/1081 570/1111/1082 517/1088/1057
f 517/1088/1057 570/1111/1082 572/1112/1083 520/1089/1058
f 520/1089/1058 572/1112/1083 575/1113/1084 521/1090/1059
f 521/1090/1059 575/1113/1084 577/1114/1085 523/1091/1060
f 523/1091/1060 577/1114/1085 578/1115/1086 526/1092/1061
f 526/1092/1061 578/1115/1086 581/1116/1087 528/1093/1062
f 528/1093/1062 581/1116/1087 582/1094/1063 530/1071/1040
f 645/1117/1088 531/502/1064 582/1094/1063 646/1118/1089
f 645/1119/1088 648/1120/1090 533/1096/1065 531/1095/1064
f 533/1096/1065 648/1120/1090 650/1121/1091 536/1097/1066
f 1266/1270/1092 1268/1271/1092 1277/1272/1092 1278/1273/1092 1280/1274/1092 1309/1098/1067 536/1097/1066 650/1121/1091 652/1129/1093 1289/1275/1094 1265/1276/1092
f 1289/1275/1094 652/1129/1093 655/1131/1095 1254/1277/1096 1256/1278/1097
f 655/1131/1095 657/1134/1098 1288/1279/1099 1249/1280/1100 1252/1281/1100 1254/1277/1096
f 1288/1279/1099 657/1134/1098 659/1137/1101 1286/1282/1102
f 1286/1282/1102 659/1137/1101 661/1139/1103 1287/1283/1104
f 661/1139/1103 663/1142/1105 1253/1284/1106 1251/1285/1107 1250/1286/1107 1287/1283/1104
f 1253/1284/1106 663/1142/1105 664/1146/1108 1290/1287/1109 1255/1288/1110
f 1263/1289/1111 1264/1290/1111 1290/1287/1109 664/1146/1108 666/1152/1112 544/749/1069 1292/1269/1068 1279/1291/1111 1276/1292/1111 1275/1293/1111 1267/1294/1111
f 668/1155/1113 547/1100/1070 544/749/1069 666/1152/1112
f 670/1156/1114 549/1101/1071 547/1100/1070 668/1155/1113
f 673/1157/1115 551/1102/1072 549/1101/1071 670/1156/1114
f 674/1158/1116 553/1103/1073 551/1102/1072 673/1157/1115
f 677/1159/1117 555/753/1074 553/1103/1073 674/1158/1116
f 679/1160/1118 556/1104/1075 555/753/1074 677/1159/1117
f 679/1160/1118 680/1161/1119 558/1105/1076 556/1104/1075
f 680/1161/1119 682/1162/1120 560/1106/1077 558/1105/1076
f 685/1163/1121 563/1107/1078 560/1106/1077 682/1162/1120
f 686/1164/1122 564/1108/1079 563/1107/1078 685/1163/1121
f 689/1165/1123 567/1109/1080 564/1108/1079 686/1164/1122
f 691/1166/1124 569/1110/1081 567/1109/1080 689/1165/1123
f 692/1167/1125 570/1111/1082 569/1110/1081 691/1166/1124
f 694/1168/1126 572/1112/1083 570/1111/1082 692/1167/1125
f 696/1169/1127 575/1113/1084 572/1112/1083 694/1168/1126
f 698/1170/1128 577/1114/1085 575/1113/1084 696/1169/1127
f 701/1171/1129 578/1115/1086 577/1114/1085 698/1170/1128
f 703/1172/1130 581/1116/1087 578/1115/1086 701/1171/1129
f 646/1118/1089 582/1094/1063 581/1116/1087 703/1172/1130
f 673/1157/1115 670/1156/1114 668/1155/1113 666/1152/1112 664/1146/1108 663/1142/1105 661/1139/1103 659/1137/1101 657/1134/1098 655/1131/1095 652/1129/1093 650/1121/1091 648/1120/1090 645/1119/1088 646/1118/1089 703/1172/1130 701/1171/1129 698/1170/1128 696/1169/1127 694/1168/1126 692/1167/1125 691/1166/1124 689/1165/1123 686/1164/1122 685/1163/1121 682/1162/1120 680/1161/1119 679/1160/1118 677/1159/1117 674/1158/1116
f 642/876/847 587/777/782 584/781/781 588/780/785 591/784/787 592/798/791 594/797/794 596/806/797 599/805/800 600/809/802 603/818/805 604/829/806 607/831/812 608/834/813 611/837/815 612/840/817 615/843/819 617/845/821 618/848/823 620/847/825 623/853/827 625/852/829 626/858/831 628/861/833 630/860/835 633/866/837 635/865/839 637/871/841 639/874/843 640/877/845
